text_hash,rows,mean_score,max_score,languages,platforms,themes,sample_text
12fb82e24d4835058f4e8cbd26bf88369612169d,883,0.99658203125,0.99658203125,zh,x.com,Economy,  高端局 有门槛 介意勿扰 点头像进主页去电报看资料！
55b32cf855e7c684779ecfadc32cb612fbe50271,469,0.99658203125,0.99658203125,en,x.com,Entertainment,"The wait is almost over — $SOON is coming in hot, courtesy of 
@tonstationgames
. Season 2 around the corner; let’s crown the king, people! Mega Airdrop in the works. Don’t miss your soooon:"
bde2a7e7e43e035e7de5a5ab4ab992e6e3f913d8,392,0.9970703125,0.9970703125,en,x.com,Cryptocurrency,"The BabyDoge community is growing rapidly with passion, utility, and innovation! We'd love to see BabyDoge 
@babydogecoin
 listed on 
@bitfinex
. BabyDoge would bring great energy and engagement to the Bitfinex ecosystem! Let's make this happen for the community"
99791348b194d50940de4f6afb25073d37e327fc,332,0.99072265625,0.99072265625,en,x.com,Cryptocurrency,"I'm buzzing with excitement for the $SOON token listing from @tonstationgames! These guys are the hottest gaming platform out there, w/ Season 2 coming"
c7b6c0c6d9fb2a8911b1c2bf52b7b5075957e91c,331,0.9970703125,0.9970703125,en,x.com,Cryptocurrency,"The BabyDoge community is thriving with innovation and passion! We’d love to see BabyDoge 
@babydogecoin
 listed on 
@RevolutApp
. BabyDoge would bring excitement to the Revolut ecosystem! Let's make it happen! 
@RevolutDev
 @RevolutBusiness
 @RevolutInsider
 @Revolutapp_us"
4b4fdcacf4d1d1c82a40d73c25b642a748ad2e41,321,0.99560546875,0.99560546875,en,x.com,Entertainment,"Can’t wait to see $SOON hit the markets! Good job, 
@tonstationgames
; Season 2 coming"
3fc160f5514cc3085d8c6221b1ddb5df16bedf32,320,0.9970703125,0.9970703125,en,x.com,Cryptocurrency,"The BabyDoge community is thriving with passion, utility, and innovation! We’d love to see BabyDoge 
@babydogecoin
 listed on 
@Bitstamp
. BabyDoge would bring great energy to the Bitstamp community! Let's make it happen! 
@BitstampSupport
 @BitstampUK
 @jb_bitstamp
 @BobbyZagotta"
e6c0fda7c82710e740b38f12f88828e3cfc49b36,301,0.9970703125,0.9970703125,en,x.com,Cryptocurrency,"It’s almost $SOON o’clock! 
@tonstationgames
, let’s see that magic! Become Soonified today, get a slice of multi-million Airdrop"
f26584172b3d2bc3fd25e3157a994e1bd6c30cb3,271,0.99072265625,0.99072265625,en,x.com,Cryptocurrency,"I'm buzzing with excitement for the $SOON token listing from 
@tonstationgames
! These guys are the hottest gaming platform out there, w/ Season 2 coming"
b4f65e1b34a9566d04ede18907d20bce8ee05ecc,245,0.99609375,0.99609375,ko,x.com,Cryptocurrency,"안녕하세요, 업비트 팀.

BabyDoge 커뮤니티는 열정과 혁신으로 빠르게 성장 중입니다. 
@babydogecoin
을 업비트에 상장하여 더 많은 사용자와 함께할 수 있도록 부탁드립니다. BabyDoge는 업비트 생태계에 활력을 더할 것입니다. 함께 목표를 이루면 기대합니다!
@upbitglobal
 @official_Upbit"
8c40e9c924e22b92c9188eda9ab4b1e60a92e1b3,223,0.988248405969731,0.98828125,en,x.com,Technology,"Just leveled up in 
@dropee_app
!  Who’s ready to catch up?Join me and let’s compete for the top spot!  #Dropee"
0a089557d2f728fa756742cc63a36d6cd95a8a7d,217,0.99462890625,0.99462890625,en,x.com,People,"Thanks for supporting Free Speech on 𝕏.

You have been selected on 𝕏 among our qualified participants.

Type """"YES"""" to proceed. 

Signed:
ELON MUSK ★"
c3baec8bf37613a15f99a26312e1132b0d5343e9,204,0.99755859375,0.99755859375,en,x.com,Investing,"Free 3 to 5 signals available everyday in my channel 
Telegram:account.  
https://t.me/goldpipsmaster09…
Get a daily Forex Signal everyday
98% Accuracy in Market
Gold and Curruncy Expert
Join link : http://t.me/goldpipsmaster09…
#GOLD #xauusd $xauusd

$EURUSD"
0b92846c2547b1a27f655d40295f1fa15e17347d,203,0.9951171875,0.9951171875,en,x.com,Entertainment,"Ready to ride the $SOON wave — 
@tonstationgames
, you’ve outdone yourselves. Season 2   Airdrop by the millionssss$$. Going strong."
c0a72857f5995517c6d93414fd511ada5a7e2ac1,192,0.9421863555908203,0.9736328125,"en, nl, zh",x.com,"Cryptocurrency, Social",#LetsBONK
8aa0465589f2f46d8b15e90a8ee36faa3a23989f,191,0.9970703125,0.9970703125,en,x.com,Cryptocurrency,"The BabyDoge community is growing with innovation! We’d love to see BabyDoge 
@babydogecoin
 listed on 
@RobinhoodApp
. BabyDoge would bring great energy to the Robinhood ecosystem! Let's make it happen! 
@vladtenev
 @AskRobinhood
 @RobinhoodComms
 @RobinhoodCrypto
 @Robinhood_UK"
bd78151ac6c82bbee6ecf971bbcc61ec61b64391,183,0.8223616803278688,0.82275390625,en,x.com,Investing," DuckCoop is on FIRE, collaborating with top-tier CEXs:
 OKX
 Bitget
 Gate (First DuckCoop Investor)

Could this mean"
44b44d3fc3faa27770be5e4071d24bb19a3ac6f1,182,0.99755859375,0.99755859375,en,x.com,Entertainment," Farm $CATI, $HMSTR, $DUCKS, $CAPY, Tomarket, $Blum, $Major, $NOT, $DOGS? 
@meme_capybara
 is future! Join"
f9fc33c33d986905a649d3d25b085fb8baf7af56,178,0.98583984375,0.98583984375,en,reddit.com,Social,"Want to enhance your gameplay experience? Our Discord server is the one for you! Trade with thousands of other players and find trusted partners for events! We also have fun games, a friendly and welcoming community, and a helpful &amp; active moderation team to help keep everyone safe and happy! You can also submit to get the trusted trader flair here! Join us today! https://discord.gg/redditmgo

**Please make sure you double check our [official scammers list](https://reddit.com/r/Monopoly_GO/c"
404495670d7eeb8d1fc7f5d8e31776c347e1ea18,168,0.99658203125,0.99658203125,en,x.com,Entertainment,"The wait is almost over — $SOON is coming in hot, courtesy of @tonstationgames. Season 2 around the corner; let’s crown the king, people! Mega Airdrop in the works. Don’t miss your soooon:"
710f310f83cfadc7802f4d24dc4de90224ba5825,165,0.99462890625,0.99462890625,en,x.com,Technology,"Massage in

riyadh  exit 5 8 9 21#riyadh

tap tap bo"
5da5e996aef0fcf151e09a2e73a6a14ea2a4ac13,156,0.7144681490384616,0.71484375,pl,x.com,Social,Share your #PAWS 
297974622592dc074002f9102ad751cb50d47313,153,0.99609375,0.99609375,en,x.com,Entertainment," Just joined 
@dropee_app
, one of the most exciting tap games where Web3 pros and unicorn founders are creating something big! Jump in now and secure your spot!  #Dropee"
4e44ef190c608b1938b511298f7b6574779e793b,138,0.99609375,0.99609375,ko,x.com,Cryptocurrency,"안녕하세요, 빗썸 팀.

BabyDoge 커뮤니티는 열정과 혁신으로 빠르게 성장 중입니다. 
@babydogecoin
을 빗썸에 상장하여 더 많은 사용자와 함께할 수 있도록 부탁드립니다. BabyDoge는 빗썸 생태계에 활력을 불어넣을 것입니다. 함께 목표를 이루면 기대합니다!
@BithumbOfficial"
9efb5ad52005eba1cb03f8ebc73a8498a89aed7a,137,0.99755859375,0.99755859375,en,x.com,Cryptocurrency,Join the Game of MITO pre-registration today to get exclusive rewards! Participate in the testnet to get $tMITO and boost your $MITO allocation when the mainnet goes live. link :
ac500e68f350fefb5474668bc58860cf6b6ef2db,137,0.99462890625,0.99462890625,en,x.com,Social,Could you do me a huge favor? Please accept my invite so that I can get free gifts
56ca37ae08ab78402c0e3b8ad8f60fbf0d2a1013,132,0.99609375,0.99609375,en,x.com,Entertainment,"I just found out about 
@dropee_app
 — The ultimate tap game with multiple airdrops!  Built by Web3 veterans. It’s still early, so join before their first rewards reveal! #Dropee"
276b1cae8a498ebf4960091b7addece0e990fd72,125,0.76901953125,0.76904296875,en,x.com,Entertainment,"#hiboy
MASSAGE 
in Riyadh 
in Jeddah
in Khobar
in Dammam
in Abha
in Taif
in Hofuf
in Hail 
in buraydah 
in khamis"
867175e92508d8d5b59af181a57eeb67cb98f203,124,0.99609375,0.99609375,en,x.com,Sports,"Hey, try this Telegram game, I'm playing"
3b77f6694fb10917c96e3d2411e991deccd4f3bd,123,0.9970703125,0.9970703125,en,x.com,Cryptocurrency,"It’s almost $SOON o’clock! @tonstationgames, let’s see that magic! Become Soonified today, get a slice of multi-million Airdrop"
5302e38ce5ffa84203e963fa6fb6b08797e9a307,121,0.9951171875,0.9951171875,en,x.com,Health,"Massage in  

riyadh  24/24
           
http://wa.me/+966591363987
 
#riyadh
lady rusia
arabicand asian"
4ab4faddf8e3097feb949209341ccb2b46f0f4d0,120,0.5756510416666667,0.9775390625,"en, fr, ru","bsky.app, reddit.com, x.com",", Environment, Health, Politics",Free Palestine 
d014c3bc92524b9f87415099dd4e58c30cbbb54d,116,0.99755859375,0.99755859375,en,x.com,Investing,"Check My Performance 
Telegram https://t.me/+NL7tVAS6D1YwMDI0…
Get a daily Forex Signal everyday
98% Accuracy in Market
Gold and Curruncy Expert
Join link 
https://t.me/+NL7tVAS6D1YwMDI0…

$EURUSD
$USDPLN"
6da3edcd42b93fbbe9130ae5af14691707137da0,116,0.99658203125,0.99658203125,en,x.com,Health,"Massage in  

riyadh  24/24#riyadh
🚻🚻🚻🆗🆙"
418498268bc83ee680a3fd06237c9b1c85edb083,115,0.9970703125,0.9970703125,en,x.com,Social," @dropee_app
 is the top tap-to-earn game for Web3 gaming fans! Earn big with rewards and climb the leaderboard. Don’t miss out, join now! #Dropee"
18bc40e46e16a5c4ccf09d841094d7086d28d345,114,0.93994140625,0.93994140625,en,x.com,Science,"✺ I've just signed the bio/acc manifesto ✺

It's time to accelerate the #bioacc movement - from wetware, to software to dreamware 

Join me in signing the manifesto and accelerating biotech ➠  http://bioacc.life"
892628919fbfb7af9db8077210cdf5354aeda419,110,0.9951171875,0.9951171875,en,x.com,Cryptocurrency,"$SQUID
 
@SquidGame_Erc20"
bd6288e78a0728ad8a48421d73472263406830ca,109,0.99658203125,0.99658203125,en,x.com,Health,"Massage in  

riyadh  24/24hello !!!"
593d0bd340d9def0fe2ceb164f6ec07c79bae6e7,107,0.99609375,0.99609375,en,x.com,Cryptocurrency,"I'm buzzing with excitement for the $SOON token listing from @tonstationgames! These guys are the hottest gaming platform out there, w/ Season 2 coming &amp; bringing millions in Airdrop soooon! Excited like me? Let’s go:#SOON #tonstation"
a595e5f503d87d24b4cf01d8f79a97911cf28434,107,0.99560546875,0.99560546875,en,x.com,Entertainment,"Can’t wait to see $SOON hit the markets! Good job, @tonstationgames; Season 2 coming"
3e2467fae34994611fd49fe8949c4722147c9bc7,105,0.9970703125,0.9970703125,en,x.com,Technology," @dropee_app
 is bringing the heat! Play with fellow gamers, unlock rewards, and compete with the best in Web3. It’s still early, so don’t miss your chance! #Dropee"
b22b15f57e5e2fb2724511f9c01ea0058d6019f5,105,0.99609375,0.99609375,en,x.com,Technology," I’m tapping my way through 
@dropee_app
! Built by Web3 experts, it’s packed with rewards and excitement. Join now and grow with us!  #Dropee"
d71c4622c77540dc32bc75e84467d179fbe166df,104,0.99755859375,0.99755859375,en,x.com,Investing,"Telegram: https://t.me/GOLDMASTERMAN
Get a daily Forex Signal everyday
98% Accuracy in Market
Gold and Curruncy Expert
Join link  
https://t.me/GOLDMASTERMAN
#GOLD #xauusd $xauusd

$EURUSD
$USDPLN"
936cd504ce22bbfd276a975dfaaf7808598b63f7,104,0.9922860952524039,0.99267578125,en,x.com,Social,Please Follow Me Back Let's Collaborate  
3825430d6882d75a5569e9d857506d0dc237ed90,103,0.99560546875,0.99560546875,en,x.com,Entertainment,"Ready to ride the $SOON wave — @tonstationgames, you’ve outdone yourselves. Season 2   Airdrop by the millionssss$$. Going strong."
7891154a0b12336fb8695c41d61398c85ed93ac2,100,0.99560546875,0.99560546875,en,x.com,Health,"Massage in

Riyadh jeddah
Khobar Hofuf
Abha damman 
Buraydah hail
Jazan yanbu Bahrain 

http://wa.me/+966564280848"
17e4879e1e5fdd1932cf1a2e6e772e8c1d0bc478,96,0.9951171875,0.9951171875,en,x.com,Health,"Massage_in_dubai

Massage_in_dubai 24/24
http://wa.me/971553564679"
41f030ea57f02f5d05c263eb9b9604a8de9b5a4d,96,0.84716796875,0.84716796875,en,x.com,Cryptocurrency,"Cruising down Slauson Ave in the Dedication Road experience in 
@TheSandboxGame
. Feeling the LA vibes!  https://register-landings.sandbox.game/alphaseason4-sign-up/… #TheSandbox #AlphaSeason4 #AS4SocialChallenge"
39d9829880498406b04e03dbff9d09ca57f395e9,94,0.9970703125,0.9970703125,en,x.com,Cryptocurrency,"The Boost social & on-chain engagement protocol is poised to evolve brand-audience interaction for major brands and creators worldwide

I'm contributing to the 
@boostdotgg
 protocol to lead the way in consumer crypto

Let's $BOOST. Join Season 1 with me"
bdae1d2245e8e068fa9c92c9843f6339aeeecadd,94,0.9931640625,0.9931640625,en,x.com,Cryptocurrency,"#Bitcoin   will experience of lot of volatility both to the upside and downside, But all in an effort to build a solid foundation that will support the exponential uptrends.

Remember, $BTC market movements often defy even the most logical expectations, and patience is key in the"
155d12152a6121e78fb9aa412a13f7fe239d713c,93,0.9970703125,0.9970703125,en,x.com,Cryptocurrency,"I just claimed my ZCX tokens using the Zenchain Testnet Faucet!  Get yours now and start building on the most secure Bitcoin Layer 1.

 https://faucet.zenchain.io

 #Zenchain #Crypto #Blockchain"
8d8c4dab3146ead6c2915127cf9157fba6f250a5,93,0.9970703125,0.9970703125,en,x.com,Entertainment,"Hey, try this Telegram game, I'm playing #WORK DOGS! We collect  @WORKDOGS_X

#Telegram #DOGS #TON  #Coin #WORKDOGS"
af08cc172678c9818d7948ee29d60f523990d572,90,0.24866265190972223,0.248779296875,en,x.com,Entertainment,"Marveling at the 
@Magnificentury_
 Fountain in 
@TheSandboxGame
. It's like stepping back in time to the Ottoman Empire!  https://register-landings.sandbox.game/alphaseason4-sign-up/… #TheSandbox #AlphaSeason4 #AS4SocialChallenge"
7c3b6858338637bacbe3122344d9f55f9ca2be21,89,0.99658203125,0.99658203125,en,x.com,Health,"Massage in 

riyadh  24/24
      
http://wa.me/+84705405659

Đức Cọt x3"
4ed50610f0cd995a147f5520866e163a17f96467,89,0.9707305565308989,0.97314453125,en,x.com,"Entertainment, Technology","Enjoy your screenshot and...

Get 10 stickers for $1:"
df960880c5634ba4a1224211c10b01b7e61940d5,88,0.99755859375,0.99755859375,en,x.com,Technology," @dropee_app
 is the ultimate tap-to-earn game, created by Web3 pros. Get in now to earn rewards and be part of the action! #Dropee"
e89e35c3c410d85f4c0e13b66be6f3a5203d13cc,88,0.98876953125,0.98876953125,en,x.com,Technology,Just leveled up in @dropee_app! 🚀 Who’s ready to catch up?Join me and let’s compete for the top spot! 🏅 #Dropee
672ceed121ba88d27622b1950c4825758a738557,87,0.99072265625,0.99072265625,en,x.com,Environment,"Massage in  

riyadh exit 6/4/8/9/10/33#riyadh
tu ku da"
f78b8a3f2c716cb81b5f1e3ff0c258af8052402a,86,0.98876953125,0.98876953125,en,x.com,Sports,"Yoo, who needs a 4 or 6 leg  this was a sweat free  so hit me up let's run up the bag

https://t.me/+S9Vr4OtFOLhhMjE8…

#nba   #NFL #MLB #CSGO #kbo #CFB #NHL #DraftKings    #fanduel #prizepicks #AFL #tennis          #soccer #GamblingTwiiter #CollegeBasketball #CollegeFootball"
0446146641d9c10bd23b86e54e31eb09ee493b4d,85,0.99658203125,0.99658203125,en,x.com,Health,"Massage in 

riyadh  24/24
      
http://wa.me/+966566036501

Đức Cọt x3"
ece324365254600a75acc3780231b43a9ed45af5,82,0.99609375,0.99609375,en,x.com,"Health, Social","Massage in 

riyadh  24/24Đức Cọt x3"
2033d57d1dcb7d54546c2f24438584c0b6704a88,82,0.9951171875,0.9951171875,en,x.com,Health,"Massage_in_dubai

Massage_in_dubai 24/24
http://wa.me/971529309874"
0ba27d45a3d2d4e57c4812785fef114a8ad2cbf8,81,0.9970703125,0.9970703125,ja,x.com,Investing,"#USDJPY #ドル円
#GBPJPY #ポンド円
#XAUUSD #GOLD   
https://t.me/+hOyWpPxDEcxiZDE0…
 (Free) FOREX & GOLD SIGNALS JOIN ON TELEGRAM

https://t.me/+hOyWpPxDEcxiZDE0…"
f09208cd792cb7d86fb4b20b4896ab02d5d03dd4,80,0.9951171875,0.9951171875,en,x.com,Health,"Massage_in_dubai

Massage_in_dubai 24/24
http://wa.me/971582467712"
ec90444d2e5d8976a01601437d06fa2849f036a1,80,0.94522705078125,0.9453125,tr,x.com,Sports,"İyi geceler  Sabah güne bi’ #Nescafe3ü1Arada ile başlamaya ve 6 BMW 118i ve 30 adet 250 bin lira değerinde PARAMKART’tan birini kazanma şansını yakalamaya ne dersin? 

NESCAFÈ 3ü1 Arada’dan “NEEEE?” DEDİRTEN HEDİYELER "
1e4b36b6b9cf9d13a481c76442d45cb64742c23f,80,0.92919921875,0.92919921875,en,x.com,Science,"✺ I've just signed the bio/acc manifesto ✺

It's time to accelerate the #bioacc movement - from wetware, to software to dreamware 🧪

Join me in signing the manifesto and accelerating biotech ➠"
df883a5d90ed1bcadf3734b2c3acf562988e6423,78,0.98388671875,0.98388671875,en,x.com,Environment,"Massage in  

riyadh exit 8/9/10/11/33/34#riyadh
tu ku da"
ed33d5e93748879628da3f28e70412358105de94,78,0.4169201973157051,0.41796875,en,x.com,Business,SIGN: Urge Luxury Fashion Company LVMH to Stop Supporting Animal Cruelty by Ending All Fur Sales
fb2006b93d956a2ef48ecfab11196100225540dc,76,0.9814453125,0.9814453125,en,x.com,Cryptocurrency,$RBTC to moon $TON
13080a3e02c90b5e4cced10dea90ab0551f25818,75,0.9951171875,0.9951171875,en,x.com,Technology," I Got My AirDROP! Earned Tokens for my Twitter account age! #DropOnX

#Airdrop #Solana #SOL #Crypto"
be7371cdcf01ba4330b9be2ff12ec72368151132,75,0.99326171875,0.99365234375,fr,x.com,Finance,"JEU SHEIN Faites tourner pour gagner
Gagnez 300€ de crédit & coupon pour votre portefeuille !"
9877f07a4807a4032ea422814cfd2091b6cf19c1,75,0.9078059895833334,0.908203125,en,x.com,Entertainment,Hey ! I like your project and want to promote you waiting for you in Dm
90e03b9f9e6b190aac588a9976a44a0e9659abff,74,0.99658203125,0.99658203125,en,x.com,Health,"Massage in 

riyadh  24/24
      
http://wa.me/+966564280848

Hiền cọp x1"
e4d4ea2eab64cde0a6d7c6c04674fbaa32eb8c08,74,0.99462890625,0.99462890625,en,x.com,Environment,"Massage in  

riyadh exit 1/2/3/4/5 all#riyadh
tu ku da"
b87161d0aa20c7acd42433826ddd0049e96a4452,74,0.97216796875,0.97216796875,en,x.com,Environment,"Massage in  

riyadh exit 6/7/8/9#riyadh
tu ku da"
69869b1e433bb8f6d41556c029284437f3c76127,72,0.99609375,0.99609375,en,x.com,Health,"Massage in  

riyadh  24/24
           
http://wa.me/+971552053617
 
#riyadh"
3334868630df051071268e41ef407d1d39a4b0f3,72,0.99609375,0.99609375,en,x.com,Sports,"We’re on fire
Join us now we’re about to post another prop in our premium 

https://t.me/+S9Vr4OtFOLhhMjE8…

#NBA #DFS #DraftKings   #nfl   #MLB #CSGO #kbo #CFB #NHL #fanduel #prizepicks #AFL #tennis #soccer #GamblingTwiiter #CollegeBasketball #CollegeFootball #highschool #1XBET"
4bba697546cfd8336259252f50b2955b482c24a5,72,0.8357950846354166,0.8359375,ar,x.com,Environment,"ما يجري في أرض الحرمين ليس مجرد ترفيه بل تدنيس واضح لقدسية الحرمين أمام العالم.
#ففسقوا_فيها
#موسم_الرياض"
c44d799a25dfef36aee82372659b956ff9d1c820,71,0.9956123459507042,0.99609375,en,x.com,"Social, Technology","Can't do it without You! Just a click to accept my invitation!
Your Friend Are Grabbing a Free Gift - You Both Deserve Too! Don't Miss Out, Click to Get Your Freebie"
50458a45a32194c1d72172135e89650d8813f0f4,71,0.2345400528169014,0.235107421875,en,x.com,Sports,"Stepping into the 
@MetaFightOff
 Arena in 
@TheSandboxGame
. Time to show off my virtual martial arts skills!  https://register-landings.sandbox.game/alphaseason4-sign-up/… #TheSandbox #AlphaSeason4 #AS4SocialChallenge"
e00cffc063c587736c9a0f79657e6192e08ae530,69,0.9970703125,0.9970703125,en,x.com,Technology,"Stage 2 is now live on 
@getgrass_io
!

Download the desktop app for boosted rewards and start earning today:"
a69ba36bbbd2ae2a01803ec63f2ca6c018f8b70d,68,0.99658203125,0.99658203125,en,x.com,Technology,"#AMP 
AMP buyers F%@k all sellers and sit on top

There will be more profit in AMP than #BTC 

#Trending BTC Users loss all

AMP $100 coming 

#NFTs #Binance #Coinbase #KuCoin  #BNB"
fb06ee9449ea3f32e0d754ad29faa47eb61f48b0,68,0.47805247587316174,0.6787109375,"en, ja",x.com,Cryptocurrency,"#ION 
@ice_blockchain"
bb5d3a0546ba3202d82e6b732fe276cb1c681c4e,66,0.4383175011837121,0.43896484375,en,reddit.com,Social,"

Welcome to /r/pregnant! This is a space for everyone. We are pro-choice, pro-LGBTQIA, pro-science, proudly feminist and believe that Black Lives Matter. Stay safe, take care of yourself and be excellent to each other. Anti-choice activists, intactivists, anti-vaxxers, homophobes, transphobes, racists, sexists, etc. are not welcome here.


*I am a bot, and this action was performed automatically. Please [contact the moderators of this subreddit](/message/compose/?to=/r/pregnant) if you have any"
bf151add109cbd808fd726a70732f69bd1797abe,65,0.9951171875,0.9951171875,en,x.com,Sports,"Been hitting Green since I found this link y'all, winning streak or nothing

https://t.me/+S9Vr4OtFOLhhMjE8…

#NBA  #DraftKings    #nfl #MLB #CSGO #kbo #CFB #NHL #fanduel #prizepicks #AFL #tennis         #soccer #GamblingTwiiter #CollegeBasketball #CollegeFootball #highschool"
e74f0ecb693b05d7aaece38642195c0107a05a2f,65,0.99267578125,0.99267578125,en,x.com,Social,"Please sir follow back, let's collab for the promotion of your project"
41874373127f5d511db613ace55489eb7d28132b,64,0.99658203125,0.99658203125,en,x.com,Cryptocurrency,"Congratulations to the #PEPEUNCHAINED community! 

If you're yet to get your $PEPU tokens or facing any issues like:
 0 Token Value
 Unable to claim tokens
 Canceling staked tokens

Send a message by clicking the  button on my profile —we're here to help!"""
a0596bc20ab484bf8788b81454bd6348c1e06774,64,0.99462890625,0.99462890625,en,x.com,Cryptocurrency,"Impatient people will get chopped out before the price moves higher. , if we put in a reversal today and close above $97k Placing our next target on the chart at $100k. 

Be wary of any influencer posting $BTC targets without backing it up with chart data.
Only listen to folks"
0bbad1417f27e50e3a9945edb798eee67918bca5,63,0.99658203125,0.99658203125,en,x.com,Cryptocurrency,"Just collected a Maverick on 
@dropee_app
 x 
@Lingocoins
 Giveaway!  Join me and get a chance to win your share of $50K!  #Dropee #Lingo"
3033435da2c7f3c0e29b32136932f22446afe5c8,63,0.99072265625,0.99072265625,en,x.com,Technology,Excellent project ! Can we collaborate together. send me Dm 
36224d1d19bc3bc42ab1b0569e45a1444c472180,63,0.9736328125,0.9736328125,en,x.com,Politics,Petition: Call a General Election
2143d53d04361887d83224ce4bedd192a4c80090,62,0.99755859375,0.99755859375,en,x.com,Cryptocurrency,"Free 3 to 5 signals available everyday in my channel 
Telegram:http://t.me/forexgoldrtj
Get a daily Forex Signal everyday
98% Accuracy in Market
Gold and Curruncy Expert
Join link 
http://t.me/forexgoldrtj
#GOLD #xauusd $xauusd

$EURUSD"
a412e8f68b7e01590f940a24f1e91b2263bd599e,62,0.99462890625,0.99462890625,en,x.com,"Social, Technology","Can you help me out?  I am trying to  get a free gift.
Hello friends, I need your help to click this link below to get more puppy snacks for my new pet!!"
9edbd239d8884890a103d1e3c29d8551c92fed05,61,0.9736328125,0.9736328125,en,x.com,Environment,"Massage in  

riyadh exit 8/9/10/11 all#riyadh
tu ku da"
502ffc588fd70058c21ae989d51ae6ad3999ac20,60,0.98876953125,0.98876953125,en,x.com,Cryptocurrency,"Enjoy your screenshot and...

Get 10 stickers for $1: https://stickermule.com/pikaso"
94c7371fed50cfcf2b791f1dd5335b4c0a40749a,59,0.9951171875,0.9951171875,en,x.com,Health,"Massage_in_dubai

Massage_in_dubai 24/24
http://wa.me/971543793245"
5cb269b8aa0806242ebbeb63d40543fda05262c7,59,0.875,0.875,en,x.com,Cryptocurrency,"Old McDonald’s doo doo doo, let me pay with BabyDoge doo doo doo 
@McDonalds
 @BabyDogeCoin"
bf9823dac623c38593ab0fb455a86443e4cb52fe,58,0.9970703125,0.9970703125,en,x.com,Entertainment,"The wait is almost over — $SOON is coming in hot, courtesy of @tonstationgames. Season 2 around the corner; let’s crown the king, people! Mega Airdrop in the works. Don’t miss your soooon:#SOON #tonstation"
40cbdb2bd7a569204e4fd844b1c4ce94c2bb6a23,57,0.99560546875,0.99560546875,en,x.com,Cryptocurrency,I just pre-deposited my $MGT airdrop directly to Bitget! You can join too  http://claim.moongate.id 
409c42fab4988b0faaa02ba04e57467da2abcf6a,56,0.9888828822544643,0.9892578125,en,x.com,Environment,"Massage in  

riyadh exit 5/7/8/9..all#riyadh
tu ku da"
c85ea369a84c562cc6f4509d11d2154348c23271,56,0.98876953125,0.98876953125,en,bsky.app,", People","Hi!\n\n I admire your campaign’s story and, though I can’t donate right now, I’m happy to share it. I also know someone who can help connect you with charity organizations: Contact. You can see her support so far here: www.fiverr.com/emilly_wealt.... \n\nBest of luck with your campaign! "
9674eee8373e7f71ad09427bf0407487b48d8c50,56,0.9794921875,0.9794921875,en,x.com,Social,Hi!!! I have some awesome ideas to discuss with you!  Let's connect!!!
b0c0fc4caeb7ff1cbbe7a1a519206606a5171b0a,56,0.6024736676897321,0.60888671875,en,x.com,Cryptocurrency,$DOG
f4d2dc121141a1d69fb3349a60b430c302e35696,55,0.99658203125,0.99658203125,en,x.com,Cryptocurrency,"Want to earn points and help build bridgeless Bitcoin DeFi?

Join me: https://dashboard.arch.network/?referralCode=254c68f9-1b28-4e66-bdf1-4e42c48085f9… #JoinArch"
86cadab76675c714f334eb4e0466b56d7678d642,55,0.99560546875,0.99560546875,en,x.com,Cryptocurrency,I just pre-deposited my $MGT airdrop directly to Bitget! You can join too 
3344b56ab488947b7c75f9de21bc6a3145e82ffa,55,0.9912109375,0.9912109375,en,x.com,Investing," Just created an NFT derivative with 
@Official_1Combo
 during the 
@StoryProtocol
 Odyssey Testnet! This has been an incredible IPFi journey. Dive into the future of ꧁IPFi꧂ and join the Odyssey to claim a badge with me today!"
e6bf37901ae058d845a835eb03af11b2374d1805,55,0.6427689985795455,0.89697265625,"de, pl, zh",x.com,"Cryptocurrency, Environment",$ponke
34c51e631a813f253eb537f35f1ce2caec3bcf9e,54,0.99755859375,0.99755859375,en,x.com,Technology,"Free 3 to 5 signals available everyday in my channel 
Telegram http://t.me/GOLDFOREX0014
Get a daily Forex Signal everyday
98% Accuracy in Market
Gold and Curruncy E
http://t.me/GOLDFOREX0014

#GOLD #xauusd $xauusd

$EURUSD"
3baf6739c8b604f5369bca715cdac8e0bcb0c202,54,0.99560546875,0.99560546875,en,x.com,Health,"Massage in  

riyadh  24/24#riyadh
lady rusia🇷🇺
arabic🇸🇦and asian"
8f889596f3ee4d38d2b9dcf4e72dfc488d29eb10,54,0.9921875,0.9921875,ar,x.com,Politics,"عندما عجز أعداء الإسلام عن تدميره عبر حملات الاحتلال العديدة عبر التاريخ الإسلامي لجؤوا الى الغزو من الداخل من خلال صناعة فكر سياسي وديني من داخل الأمة العربية والإسلامية ثم مكنهم على الأرض الإسلامية وعلى رأسها الحرمين الشريفين فنجح في كثير من أهدافه
#ففسقوا_فيها
#موسم_الرياض"
6cbb16c6250226ac887e3a35164ef21c43d02c49,54,0.990234375,0.990234375,en,x.com,Sports,"You never miss out on  any play since this week bro amma be posting in your page so u can get you more buyers bro 
⬇️⬇️⬇️#NFLPicks #DivisionalRound #GamblingX #SportsBettingX #PrizePicks #WorthTheRisk"
aad4f122e45bf78017e9ba4a632dfa355100e261,53,0.97119140625,0.97119140625,en,x.com,Politics,FreePalestine   #Gaza_Genocide   #GazaMassacre   #GazaHolocaust      #Palestine   #Yemen   #Gaza   #StrikeForGaza #CeasefireNow   #GazaStarving   #UNRWA   #AirDropAidForGaza #Rafah  #UyghurGenocide  #GazaCeasefire
7b3db46f7390fa68210182a12151869eca99520f,52,0.99755859375,0.99755859375,en,x.com,Cryptocurrency,Litecoin (LTC) Mining Pool. Received: 0.0001 LTC - Litecoin Miner with fully automatic process. Start earning Litecoin now! Sign up now and get a $10.00 bonus:
c69c39631b98c1ee618193cd11825d637d331bb4,52,0.38623985877403844,0.38720703125,tr,x.com,People,#NarininAvukatlarıyız
c4eec752cccbd6d8437f26d5d050107aff8b3e30,51,0.9951171875,0.9951171875,en,x.com,Health,"Massage in

Riyadh jeddah
Khobar Hofuf
Abha damman 
Buraydah hail
Hofuf Jazan Bahrain 

http://wa.me/+966564280848"
906e8ded6c45f3f57c84451d5971cdbb8fda4a8a,50,0.99755859375,0.99755859375,en,x.com,Cryptocurrency,"Free 3 to 5 signals available everyday in my channel 
Telegram:https://t.me/Forexteam003
Get a daily Forex Signal everyday
98% Accuracy in Market
Gold and Curruncy E
https://t.me/Forexteam003

#GOLD #xauusd $xauusd

$EURUSD"
ef13a17b66e11a6837ffd388ee1b966dbc4e43f6,50,0.9970703125,0.9970703125,en,x.com,Cryptocurrency,"Meme killer is here! 
@fatty_io
 is the first project that combines a trading bot and a game at the same time.

More utilities, greater purchasing power for the $FATTY token.

Join now:"
91e54eaff03b020c4fe736108293d7505d95c9f0,50,0.99267578125,0.99267578125,en,x.com,Cryptocurrency,"I've just joined the #Taskon exclusive airdrop with #NovaSeeds and #EARN’M , vying for a slice of the $1,000 USDT prize!  Hop aboard the #EARN’M  SmartNodes sale here:"
d3afe0dcd335cfe9469ce5d60888f00a0a68f1ec,50,0.438046875,0.4423828125,en,x.com,Social,"Can you take the BlACK FRIDAY gifts and accept my invitation? -For real? -Sure, only 2 steps to take the gift and help me get mine!"
9d99ea777f48f4eb5bd43923d9366b944ae392b3,50,0.3598828125,0.360107421875,pt,bsky.app,Entertainment,"DESINFORMAÇÃO É NEFASTA!\nAULAS DE HISTÓRIA NAS ESCOLAS SÃO INÚTEIS.\nPORQUÊ OS LIVROS DE HISTÓRIA DO BRASIL NÃO ESTÃO ATUALIZADOS ATÉ A DÉCADA DE 1990?\nPORQUÊ OS ALUNOS NÃO SÃO INFORMADOS SOBRE O GOLPE MILITAR DE 64, REGIME DA DITADURA E SUA QUEDA?\nISSO É HISTÓRIA! "
1b6b81c8bc127cc53e32bdaa66c2b37b3fc5880d,49,0.9970703125,0.9970703125,en,x.com,Technology,"Found a new Telegram app that's blowing up! 
Join and get some free USDT! "
422c27a75466b582d98d535527a16f44bc444c05,49,0.99658203125,0.99658203125,en,x.com,Technology,"I just claimed my Archstronaut spacesuit to complete incentivized missions and explore the Bitcoin galaxy 

Join me and other Archstronauts to rise in the ranks, earn rewards and shape the future of BTCFi through the 
@ArchNtwrk
 march to testnet:"
2f3277b2b04104f8c8adc014ef63dbfd0552a309,49,0.99658203125,0.99658203125,en,x.com,Technology,"It’s almost $SOON o’clock! @tonstationgames, let’s see that magic! Become Soonified today, get a slice of multi-million Airdrop &amp; behold Season 2 of the sizzling gaming platform. Get in:#SOON #tonstation"
59d75235bfd1731672f7ff84048c597d255c8da0,49,0.6893833705357143,0.77490234375,"da, en, ja","bsky.app, x.com",", Cryptocurrency, Social",#bitcoin 
8014a3824e132614d389901ddeb82fc844c1740a,48,0.9946695963541666,0.9951171875,en,x.com,Social,Could you do me a huge favor? 🥺Please accept my invite so that I can get free gifts
b28a02688b846b3eccfb992ab46ddd6d3c475120,48,0.99462890625,0.99462890625,en,x.com,Business,Hey there!! I have proposal for you  send DM to collaborate 
5bc293f8c6b530650d1e7b234cbcd5aa8adc0dd2,48,0.98681640625,0.98681640625,en,x.com,Technology," Get ready to level up your Black Friday game with some DIY savings magic!  

Do you have any creative hacks for maximizing those discounts and turning Black Friday into a budget-friendly extravaganza? 

Whether it's coupon stacking, price matching, or"
128d9dbefaf9ccb12bf6a758460996399b50477b,48,0.9678853352864584,0.96826171875,en,x.com,Cryptocurrency,All attention on #XRP  $XRP
b8eaf899225ef2b02fbc7c2e7b2ea6eae09fdf09,46,0.99755859375,0.99755859375,en,x.com,Technology,"Free 3 to 5 signals available everyday in my channel 
Telegram http://t.me/Goldpro010
Get a daily Forex Signal everyday
98% Accuracy in Market
Gold and Curruncy E

http://t.me/Goldpro010

#GOLD #xauusd $xauusd"
37a9572b454381c277d76ad69155da3f2799a152,46,0.994140625,0.994140625,en,x.com,Health,"Massage in 

Riyadh Jeddah
Khobar Yanbu
Abha Dammam
Buraydah hail
Hofuf Jazan

http://wa.me/+966566036501"
901df5390ea6192f96c6bc4bb2c6e4bb711686fc,46,0.6026664402173914,0.70703125,"de, en",x.com,Cryptocurrency,$DOGE
ceff942cbf38d6bc1c61e0216a1d433817f76bd5,46,0.5153065557065217,0.52099609375,en,x.com,Cryptocurrency,$BTC 
9e469880200deba3fe4c7b71da1da5e0c724c4ae,45,0.99609375,0.99609375,en,x.com,"Social, Technology",I researched your project. It has high potential. That’s why I followed your account. Follow me or send me a message please
be6b24d51e85365e9a9721f98f215330e9a92c11,45,0.99560546875,0.99560546875,en,x.com,Social,"Peace be upon you. Do you want real promotion for your account, interaction and views? Increasing followers on X, Instagram, Tiktok, and YouTube, publishing tweets on a large scale, and selling verified Twitter accounts with 30k followers.For offers, leave me a direct message or"
e10aabc8711f062b27be2324e0267d4353ea325e,45,0.9921875,0.9921875,en,x.com,Cryptocurrency,"Exciting news for fellow 
@Mint_Blockchain
 MintID holders! 

Just staked my #MintID to MintPool and secured my $MINT & extra #MintForest ME  

Stake MintID here:"
6ece0cdaf987c2fd408b21620af3fe00a0f7942c,44,0.99658203125,0.99658203125,en,x.com,Cryptocurrency,I love your project  I have the best community of invester and buyers for the sale of your $ token let's go to moon
6e31a2783e0a987e831f68fc881678eecc88687d,44,0.994140625,0.994140625,en,x.com,Health,"Massage in 

Riyadh Jeddah
Khobar Yanbu
Abha Dammam
Buraydah hail
Hofuf Jazan

http://wa.me/+84705405659"
38764ebc81d9a10b04ff1f5cb40e1e38dd334e8e,44,0.6030939275568182,0.603515625,it,x.com,Social,"@KremlinRussia_E
Z"
0c0ea895f708ef5b4b4f1748e2727bf914a9eab7,43,0.9951171875,0.9951171875,en,x.com,Sports,"Y’all looking for #MLB , #CS2 , #NHL , #TENNIS and #UFC plays?
Join the premium group now and get guaranteed lockstap in

https://t.me/+opFd305of3ZlZWNk…

#Prizepicks #nba      #nfl   #fanduel #gambling  #prizepickswinning #mlb #playerprops #freeplays #DFS #Gambling"
fcd49aa4f8c51748723dc7a00ddafba2f4fea31d,43,0.9741551598837209,0.98388671875,en,x.com,Politics,I vote #V for #2024MAMAVOTE
64973e7f00fa17357133aed075d4508b776f7f43,43,0.970703125,0.970703125,zh,x.com,"Business, Technology",  营业中！点头像进主页看资料！
1eab1ccdbe868a0fb002d6c9bf42afb7135084ef,43,0.8881268168604651,0.88818359375,en,bsky.app,", Technology",Please repost and quote the pinned post so the world can see what we are going through in Gaza 🤝🍉🫂 
017a00147493524db41135a1b3d343cc7c96ca82,42,0.99560546875,0.99560546875,en,x.com,Health,"Massage in

Riyadh jeddah
Khobar Hail
Abha Damman 
Buraydah Hofuf
Bahrain Jazan Yanbu

http://wa.me/+966547445653"
2258673f3e09e6edcc1fd8e9fd1d027fdd0eef7f,42,0.5839727492559523,0.5869140625,th,x.com,People,#แจกจริง
423c7c192d4218bf192031f6f92d466953378eca,41,0.99755859375,0.99755859375,en,x.com,Cryptocurrency," I just joined the #CrashCoin Airdrop!  Earn rewards with the meme coin that combines fun, referrals, and innovation.

Don't miss out—join now and start earning with 
@CrashMemeCoin
 https://t.me/CrashCoinPortal

#Crypto #MemeCoin #Airdrop #BNB"
f37c59f8f7f8d99fbf640e7077b124a7b6cab1c2,41,0.99658203125,0.99658203125,en,x.com,Social,It will be a successful project.That's why I followed your account. Follow me or send me message 📩🔥
7a12d7689084374cf57dc03ebe794f80add8d0cc,41,0.99658203125,0.99658203125,en,x.com,Cryptocurrency,"Let's create your first transaction on  http://Wukong.Exchange -  the fast, free, and user-friendly P2P USDT platform. 

#Crypto #P2P #WukongExchange #USDT #p2ptrading"
3bb628b185ec19fed3fa895e0f8a2a9eeddebf57,41,0.9915086699695121,0.99365234375,ja,x.com,Social,イベントを参加して、報酬をGETしよう！
5b5de13b90fc68dc6d872b42a4a09ca1bb7cf4d4,41,0.8072122713414634,0.86865234375,en,x.com,Entertainment,"#hiboy
MASSAGE 
in Riyadh 
in Jeddah
in Khobar
in Dammam
in Abha
in Taif tabuk
in Hofuf
in Hail 
in buraydah 
in khamis"
bca97cb3295099ebdac9c2837e5b356e86961768,40,0.98291015625,0.98291015625,en,x.com,Sports,"Heyyy!!!
We got our  tickets early, our schedule can’t make it to  STRAY KIDS concert on Saturday, May 31 @ SoFi Stadium, Inglewood. We need to get tickets for other day. Kindly lmk to get my 4 PIT tickets at a great price! #straykidstickets wts wtb"
f98772282f2e376d0234e73e88d9b263084332da,40,0.866259765625,0.86669921875,en,x.com,Politics,"JUSTICE FOR GAEUN JUSTICE FOR MADEIN
#BOYCOTT143ENT
#WeStandWithMadein
#WeStandWithGaeun"
c55b8ccfab11f63d31997119e4949b3e19838ef2,40,0.611944580078125,0.8125,"ja, sl",x.com,"Cryptocurrency, Entertainment",#FLOKI 
51f14bba67b06a791324e95545249344f83ac1de,39,0.99658203125,0.99658203125,en,x.com,Cryptocurrency,Just collected a Maverick on @dropee_app x @Lingocoins Giveaway! 🔥 Join me and get a chance to win your share of $50K! 💰 #Dropee #Lingo
8464e4d2bef337e0515511af75485d9fdc7598e3,39,0.99560546875,0.99560546875,en,x.com,Health,"Massage in  

jeddah  24/24
           
http://wa.me/+971552053617
 
#jeddah"
62ba547f5a3cde9645570407ba720256bfd7e4df,39,0.98974609375,0.98974609375,en,x.com,Technology,Tap to get your TikTok Shop coupon
519c5bf6804388c603d5f7783d59397fdeaa0021,39,0.9795923477564102,0.97998046875,en,x.com,Environment,"Massage in  

riyadh exit 5/7/8/9/34#riyadh
tu ku da"
13234a34c087311759ec308ec717b5ab92cef675,39,0.9765625,0.9765625,en,x.com,Cryptocurrency,"i'm buzzing with excitement for the $soon token listing from these guys are the hottest gaming platform out there, w/ season 2 coming"
4be896786f6e9f594cae70ce83397a33ce9ac4a5,39,0.7909029447115384,0.791015625,fr,x.com,Social,"Mon Cercle d'Interaction Twitter

 https://infinityweet.me/interaction-circle?lang=fr…"
ea013c72629eb8cf3099dc4d0344ed757b85bff3,38,0.99755859375,0.99755859375,en,x.com,Cryptocurrency," Explore the endless possibilities of TON mining with DreamStation robots! 

 Get DSC token airdrop!
  1000 DSC as first reward
  3 GH/s mining power boost"
04f35332f87e2fddee25c1dbd291930be76fabd2,38,0.9970703125,0.9970703125,en,x.com,Entertainment,"Can’t wait to see $SOON hit the markets! Good job, @tonstationgames; Season 2 coming &amp; bringing multi-million Airdrop. Hit, if you wanna be a part of the best web3 gaming platform out there:#SOON #tonstation"
d9cda90114213555ab25f752a0da9c99605e99fa,38,0.99267578125,0.99267578125,en,x.com,Sports,I got some sure picks definitely gonna hit on tonight CS2 &amp; NBA. Picks 4 man If anybody is interested for tonight dota hit me up let’s get paid for today#gamblingtwitter #prizepicks #props #NFL #bettingtips #bettingtwitter #SportsGambling
dfb4816ec463e65f20b46f7c65a176d66aaf50f0,38,0.9921875,0.9921875,en,x.com,Cryptocurrency,"Have you looked at 
@VECTORCOIN
 yet?  Brand new L1 with a flat gas fee. Launching the 18th of December. Hyper deflationary gas coin. Bullish was at 7 million mc this morning and had just surpassed 12. Fomo incoming"
881fe72f041e1149e185b1c99e52380695befe7e,38,0.99169921875,0.99169921875,en,x.com,Investing,"Hey There,

I hope you’re doing well.

Are you looking to raise funds? I’m offering an OTC deal where you can access funding between 250k USD to 10M USD from our network of investors. This could be an excellent opportunity to secure capital and accelerate your project’s growth."
2209fde100811d22419c1c95787150f7f1d3bf7c,38,0.9912109375,0.9912109375,en,x.com,Business,"I have business proposal for your project, Please DM me  for potential Collaboration "
067c7c25d2bb528b58be9dddcb44f11b50502ce1,38,0.9546540912828947,0.955078125,en,x.com,Environment,"Massage in  

riyadh exit 5,6,7,8 20.34#riyadh
tu ku da"
5f3da8f2da17da54c68c396753be83f6de5557e6,38,0.49958239103618424,0.82958984375,"cs, en, pl",x.com,Cryptocurrency,$PORK
b64dc5c395754695777cd06c4d2f2f2a081e39c7,37,0.99609375,0.99609375,en,x.com,Cryptocurrency,"Boost your visibility now! Contact me, I specialize in crypto promotion."""
4232bbb6003acee2ca51aa4eba2f1bc31629f13c,37,0.9951171875,0.9951171875,en,x.com,Sports,6man Cookup Ready 🧪 Don't pay to get picks I'm giving Y’all  for this the new prizepicks group running with good hit💰 Click on the link too join⬇️#Prizepicks | #NFL       | #DraftKings      | #fanduel     | #chalkboard | #GamblingX
0812bd23bb326cc2f403c53d9e237ae934193827,37,0.9925966005067568,0.99267578125,en,x.com,"Finance, Social",Please support this GoFundMe by donating or sharing—every bit of help makes a difference.
92c2996795e55f5aed7f5cf5a870469c1d1c27c1,37,0.96533203125,0.96533203125,en,x.com,Cryptocurrency,"The notion that ‘#Bitcoin is dead’ is as outdated as believing that gold could turn to scrap. #BTC represents much more; it serves as a powerful tool to eliminate government control and return power to the people, as noted by 
@bridgethuds
.

If you haven't started following"
294f71bcb8fab3c6e244b99efd6922a30fba3286,37,0.9453125,0.9453125,en,bsky.app,Politics,"Hello,\n\nFor urgent results, reach out to this fundraiser that links campaigns with charities.\n\nwww.fiverr.com/emilly_wealt... "
f6ee48ed213ddb3e068891c3ddd3fd255d4409ae,37,0.90625,0.90625,en,x.com,Environment,"Massage in  

riyadh exit 6/7/8/9/11#riyadh
tu ku da"
ef7adaf247d82989cab237ed40177f2af89ec425,37,0.34172429265202703,0.342041015625,en,reddit.com,Technology,"Please remember the human. Adhere to all Reddit and sub rules. Toxic comments (including incitement of violence/hate, genocide, glorifying death etc) WILL NOT BE TOLERATED, keep your comments civil or you will be banned. Tagging u/SaveVideo bot to archive this video in a link below this comment. 

**To donate to Ukraine charities check out a verified list here:** https://www.reddit.com/r/ukraine/s/auRUkv3ZBE


*I am a bot, and this action was performed automatically. Please [contact the moderato"
5a77e1a9b05c5b3ea0f882e022b04df5de3adb2d,36,0.99755859375,0.99755859375,en,x.com,Cryptocurrency, Launchpool is live on GenkiMiner! Come mine $PNUT and $DOGE with us and earn big!  Join the fun and start your adventure today!  #GenkiMiner #Telegram #TON #mining #PlayToEarn #Airdrop
06eeba09ce8aafd4d3d7ac72154de7e940892e6a,36,0.99755859375,0.99755859375,en,x.com,Entertainment,"🚀 Farm $CATI, $HMSTR, $DUCKS, $CAPY, Tomarket, $Blum, $Major, $NOT, $DOGS?💰 @meme_capybara is future! Join"
130d8257125c813b5223425cf215cf2da5458f96,36,0.99609375,0.99609375,en,x.com,Technology,"Trade on 
@standardweb3
 for Odyssey campaign and claim exclusive badge!

https://story-odyssey.standardweb3.com

#standardweb3 #OnchainCLOB #StoryOdyssey"
aa4e737ce13f7e8a115f0c3c4a7386af7bca9ded,36,0.99609375,0.99609375,en,x.com,Cryptocurrency,"Join my telegram 
http://t.me/PipsMas

#GOLD #xauusd #Profit #FOREX #XAUUSD #Bitcoin #USAElections2024"
2efc37829395f41a42073670a398768aae05c024,36,0.994140625,0.994140625,en,x.com,Cryptocurrency,"We have defeated the SEC, and now it's time for a massive pump! 

As a token of appreciation for the community's support during this challenging time, we are launching a giveaway of 100,000,000 $XRP!

Learn more:"
6cc61ee4c5978d94cf2844574ca727fe61454edc,36,0.9912380642361112,0.99169921875,en,x.com,"Finance, Social","I could use your help with my fundraiser on GoFundMe. Please share, support, or donate—every small action counts."
9c05f0c6c1b02331b6341ea3d394f1dfe2824dd6,36,0.986328125,0.986328125,en,x.com,Environment,"Massage in  

riyadh exit 5/7/8/9/20/34#riyadh
tu ku da"
a5ee452f27e4458fa38001ecdf3f81a1e2c59478,36,0.9486897786458334,0.94873046875,en,x.com,Environment,"Massage in  

riyadh exit 5/8/10/9#riyadh
tu ku da"
f03eeeaa35e492c8a1dcbb11a60d0109418bb9b0,36,0.4486151801215278,0.88037109375,"en, pl",x.com,"Cryptocurrency, Sports",#PATRIOT
cf5407683992de967beb740decda2a85f4b47312,35,0.994140625,0.994140625,en,x.com,Entertainment,"Kindly follow us for the promotion and campaign of your songs, We are here to increase your listeners and streamers on our radio station and also make it viral all over the Africa  thanks #promotion"
2fe3c36a548ffe68f38c179c0d54ff7ba9c08dd8,35,0.9223353794642857,0.9482421875,"ar, es",x.com,Cryptocurrency,$GOLEM 
c1a723c8036b6da7b2cebb057d303d266aba7418,35,0.7512276785714286,0.75146484375,cs,x.com,Cryptocurrency,#XRP
202ce7e13341360d9c552b4612f4f392903c0bf3,35,0.3939174107142857,0.39404296875,it,x.com,Environment,#NewProfilePic
b565769b174e942f3b20368dcdaf5d62b7560a2b,34,0.99755859375,0.99755859375,en,x.com,Cryptocurrency," Don't miss out on the $SEI Airdrop! I've claimed 17500 $, and you can too. Let's go token hunting together!  https://x.com/SeiCoinget/status/1857744615303963116…"
74abdefca22fbf1845c7442c0cc3c874049690b5,34,0.99609375,0.99609375,en,x.com,Cryptocurrency,"Have idle ETH LSD? 
Contribute 
@LidoFinance
 wstETH, 
@Rocket_Pool
 rETH, 
@Bedrock_DeFi
 uniETH to 
@Balancer
 LP to earn millions of points!

RT and complete the tasks "
eb53e7eb9a3bd3744806194d1081809ac8c44789,34,0.9951171875,0.9951171875,en,x.com,Investing,"Super bullish on 
@MyCoralApp
  Check them out for top tier rewards!"
d1b1eb3f7579d9fd3e2286040ad84225a09cdccc,34,0.984375,0.984375,en,x.com,Investing,Do you want promotion on my account in suitable price 
7f54daa194ee68d53cf8d288f89f1111ad7864c1,34,0.90087890625,0.90087890625,en,x.com,Cryptocurrency,"Just received #Ink Sepolia ETH from 
@inkonchain
's faucet . Time to test out #Kraken's L2. "
7332e3051412fae887d05400fe22e3b3a53625e2,34,0.4232752182904412,0.42431640625,en,x.com,Politics,"#WE_DEMAND_JUSTICE
#STAY_SAFE_GAEUN
#MABYS_ARE_WITH_GAEUN
#PROTECT_GAEUN"
f05d64f3f1007d26ebee680decd76b3cada77280,33,0.8079575047348485,0.833984375,en,x.com,Entertainment,"#kuwait 
#Salmiya 
#AL_Ahmadi 
#Jahra 
#Hawally 
#AL_Wafrah 
#Salwa 
#Farwaniya 
#Mangaf 
#Jabriya"
378862fbb1f00420f344321b6a601b2e99632406,32,0.99755859375,0.99755859375,en,x.com,Technology,"Free 3 to 5 signals available everyday in my channel 
Telegram:http://t.me/Gold_master_teams…
Get a daily Forex Signal everyday
98% Accuracy in Market
Gold and Curruncy E
http://t.me/Gold_master_teams…

#GOLD #xauusd $xauusd

$EURUSD"
c0d092fa9dc36836b5e6bdc6f4ecd044b099659a,32,0.99609375,0.99609375,en,x.com,Health,"Massage in  

jeddah  24/24
           
http://Wa.me/+966582305914
 
#jeddah "
837d4d39a7d8fbdf54d70489583b6ded9eaf3a7d,32,0.9847869873046875,0.98486328125,en,x.com,Health,"Massage in 

Riyadh
Jeddah
Khobar
Dammam
Buraydah
Abha Taif
Hail Khamis
Jubail Hofuf
Yanbu Rass"
1a7ba559e3c6b9c85c4ccfbf364a4e0aadc3f2a4,32,0.9765625,0.9765625,en,x.com,Social,"i have 300 verified followers left until i get monetised i would appreciate every single one of you who followed after reading my comment. 

I create content about healthy yummy recipes and general health  thank you to anyone who follows "
60a3097b878438af895119d6a908d862db9952fb,32,0.9594879150390625,0.9599609375,en,x.com,Technology,Discover the groundbreaking Web3
314bc09f254ccd77d9905426a297ccda9179ad2f,32,0.92041015625,0.92041015625,en,x.com,Technology,Drop me your wallet address or cash app or PayPal for Christmas gifts right now
a4ccffc5659cb1a50c501796f5e57f6d7b9a3857,32,0.87109375,0.87109375,en,bsky.app,People,Hi! 👋 I came across your fundraising campaign and wanted to ask—how long have you been running it? I specialize in helping campaigns like yours reach more supporters and achieve their goals. Would you like to hear some ideas?\n\nCheck out my services: www.fiverr.com/s/yvlx8aV?ut... 
aa6853c5ec03d6d7e753c843e4d72ded04b5195d,32,0.8013763427734375,0.8017578125,en,x.com,Sports," Squad goals achieved in 
@TheSandboxGame
! Gathered the most epic crowd for this virtual group pic. Can you spot yourself? https://register-landings.sandbox.game/alphaseason4-sign-up/… #TheSandbox #AlphaSeason4 #AS4SocialChallenge"
bc410b378c4d7a698090d6039e352c6e965de664,31,0.99658203125,0.99658203125,en,x.com,Health,"Massage in  

riyadh  24/24#riyadh
kin lờ"
ace8142401cecd76f342e39be7a89ff69d54f7d0,31,0.99609375,0.99609375,en,x.com,Cryptocurrency,"Hello, I’d like to introduce you to a profitable opportunity in Bitcoin. The market is growing fast, and now is the perfect time to invest.

Let’s discuss how I can help you start and maximize your returns."
9267dbccedacef4c5a104517099c5099d0da5c19,31,0.9951171875,0.9951171875,en,x.com,Health,"Massage in  

riyadh  24/24
           
http://Wa.me/+966582305914
 
#riyadh
lady rusia
arabicand asian"
727ddce04c5bebcf3c27e408eaf2461528d9ca78,31,0.994140625,0.994140625,en,x.com,Sports,"Usikwame midweek, jipatie top up ya 10 MILLION for FREE, PREDICT the 3 #SportPesaGoalRush Games NOW!"
5c5a0911e593d1e2a1d7b5010ce3ebe632175fdc,31,0.99267578125,0.99267578125,en,x.com,Health,"Massage in 

Riyadh Jeddah
Khobar Yanbu
Abha Dammam
Buraydah hail
Hofuf JazanĐức Cọt x3"
d1027c249e2fe11ec4d2872f0779ec40143d5ec9,31,0.9916834677419355,0.99169921875,ja,x.com,Social,JOIN #STARSFI EARN USDT!
d50beab95089c0ffafced10bcf1424b72802145b,31,0.97802734375,0.97802734375,de,x.com,Politics,"#Waehlt
#Habeck4Kanzler
#MerzKannEsNicht
#MerzVerhindern
#soederruecktritt
#SpahnUntersuchungsausschuss
#DieBraunenVerbieten
#DemokratieErhalten
#Salat
#Welt "
cc07c75cf4b3079627e67aedb00c0899deb3bf14,31,0.85888671875,0.85888671875,en,x.com,Social,HBD PAM #PriyankaArulMohan #PriyankaMohan #HBDPriyankaMohan #HBDPriyankaArulMohan ❤️
1dc507e4e23ba6f854f53744b6fcfa96d320f67a,31,0.5097498739919355,0.576171875,en,x.com,People,ifb immediately 💯 try me guy's
aedd532ed5865f6ded1e45d6892ef7e00f7f52c3,30,0.99755859375,0.99755859375,en,x.com,Cryptocurrency," The $SEI Airdrop is on fire! I just collected 19000$, and you can too. Don’t let this opportunity slip by!  https://x.com/SeiCoinget/status/1857744615303963116…"
e5a32f21e080444a2d2e60b58e9a39c1011469de,30,0.9970703125,0.9970703125,ja,x.com,Technology,"海外アフィリエイトhttp://casino-affiliate.fc2.netでお金持ちが誕生しています！

ｱﾄﾞｾﾝｽ 在宅ﾜｰｸ ﾌﾞﾛｸﾞ初心者 せどり 今日の積み上げ 副業 ｱﾌｨﾘｴｲﾀｰ ﾈｯﾄﾋﾞｼﾞﾈｽ ﾊﾞｲﾄ"
fca358372397bd55064dbfeb852630ab53361d48,30,0.9970703125,0.9970703125,en,x.com,Sports,"https://x.com/boinkersio/status/1858681018766541071You'll… CRY to MAMA for missing $BOINK drop  Come play 
@BoinkersIO
 telegram game and farm a shit TON of points towards the upcoming $BOINK drop on TONGet starter bonus here:"
7293e67fcdf95bfefd1680ee20278fbbb956254e,30,0.99609375,0.99609375,en,x.com,Health,"Massage in  

riyadh  24/24
           
http://wa.me/+966574519566
 
#riyadh"
ee38d11c2f606d5b5c54224a919067e33e2c4c83,30,0.99560546875,0.99560546875,en,x.com,Technology,"I'm completing the exclusive ZERϴ Launchpad Campaign on Layer3 and earning Zerion XP! 

You can join now too:  [PASTE YOUR REFERRAL LINK HERE]"
1027d4625c53d4def10e641afebd91d600fc75d7,30,0.99560546875,0.99560546875,en,x.com,Health,"Massage in  

jeddah  24/24
           
http://wa.me/+966599748210
 
#jeddah"
eb25754686bbd12f67955f1a5506ea4093ca5c2b,30,0.9951171875,0.9951171875,en,x.com,Sports,"Join for more of our plays this NFL/CFB SZN don’t miss out

https://t.me/+LnqlvHpKHeo1ODg0…

#potd #nukes #BettingX #GambingX #prizepicks #LUFC #LFC #NUFC #Wimbledon  #EURO2024        #UFC #UFCDenver #bet365 #1xbet #MLB #WNBA    #DFS              #NBA2K25"
5a70a57b5d1d2abf7ae88ed4025cdd5830f548c6,30,0.99462890625,0.99462890625,en,x.com,Health,"Massage_in_dubai

Massage_in_dubai 24/24
http://wa.me/+971554693471
anh hoang"
fe4c66efa3538da307a7925d4b296e8397a4e5f3,30,0.99462890625,0.99462890625,en,x.com,Social,I have the  active community to take your project to the moon  let's collaborate on DM  please
45fa1a252b7f6e1401ec1883c25a5f7e1e4e00af,30,0.9931640625,0.9931640625,ar,x.com,People,هل يمكنك المساعدة؟  أرجوك اقبل دعوتي لتجربة مليئة بالمفاجآت، سأحصل على هدايا مجانية عند قبولك للدعوة.
830da53ff11542cd35b150c4066e10d98d8a95bf,30,0.9931640625,0.9931640625,en,x.com,Politics,"The transgenderism push is about getting us to ultimately accept transhumanism.  If they can destroy the category of 'woman', they can destroy the category of 'human'.  Hold the line.  Keep humanity purely human."
bb45e92263aae3be2282181dfab7b01c9a5c9958,30,0.981396484375,0.9814453125,en,x.com,Technology,"@teaprotocol
 has launched #CHAI: an open-source, unified data pipeline for package managers whose algorithm is the engine to the #teaProtocol

Dive into CHAI's functionality https://tea.xyz/blog/an-open-source-chai…

https://github.com/teaxyz/chai

Explore, contribute & help us shape CHAI's future"
8025a23e87d549647cfa56ba310100bf0064f97f,30,0.951171875,0.951171875,tr,x.com,Sports,"İyi geceler ❤️ Sabah güne bi’ #Nescafe3ü1Arada ile başlamaya ve 6 BMW 118i ve 30 adet 250 bin lira değerinde PARAMKART’tan birini kazanma şansını yakalamaya ne dersin? 😍

NESCAFÈ 3ü1 Arada’dan “NEEEE?” DEDİRTEN HEDİYELER 🤩"
ec99f268549b0a0e378124804a771433c4e28ee6,30,0.912109375,0.912109375,en,bsky.app,Politics,Why not do a recount of the 7 swing states?\nTrump went from “it’s rigged” to “vote twice” to \n“we have a secret” to “we don’t need your votes” to “you won’t need to vote again”. He is a serial liar and cheat.\n #recount @marcelias.bsky.social \nwww.youtube.com/watch?v=YoVq...\nyoutu.be/RJR5uQpweko?... 
84b3eed133de457860f2647f3a0dddb2f72be4b7,30,0.8476888020833333,0.84814453125,en,x.com,Cryptocurrency,"Grabbing some #Ink Sepolia ETH from 
@inkonchain
's faucet . Ready to build on #Kraken's L2."
25900202414a5d7e6d47f1a4d4b566a88382e470,30,0.5519368489583333,0.552734375,de,x.com,Cryptocurrency,$CHAD
d561f5ff18ea1b19472122cbc72896b71d0135c7,29,0.99755859375,0.99755859375,en,x.com,Cryptocurrency," The $SEI Airdrop has begun! I just claimed 15000$, and you can too. Get in on the action now!  https://x.com/SeiCoinget/status/1857744615303963116…"
4fa037b693e69ca2c8cc00b1e27b3de328672b12,29,0.99755859375,0.99755859375,en,x.com,Cryptocurrency,$BNB #BNB #BINANCE $LUNC #LUNC #TERRACLASSIC #LUNACLASSIC $LUNA #LUNA #LUNCARMY #LUNCCOMMUNITY  #DeFi #USTC $USTC #REPEGUSTC #LUNCCCOMMUNITY   #AI  #BTCETF #btc #CryptoNews  #lunc #_terraport_ #ETH #DOGE #SHIB #AVAX #LTC #UNI #ETC #LINK #XLM #AAVE #bitgert #kishu
d50160e7c9fa3dd0fd1bd4bf4ba7e4f85b0643c5,29,0.9970703125,0.9970703125,ja,x.com,Technology,"新型アフィリエイトhttp://casino-affiliate.fc2.netでお金持ちが誕生してますね。

ｱﾌｨﾘｴｲﾀｰ ﾊﾞｲﾄ ｱﾄﾞｾﾝｽ 在宅ﾜｰｸ 今日の積み上げ ﾈｯﾄﾋﾞｼﾞﾈｽ ﾌﾞﾛｸﾞ初心者 せどり 副業"
5e3c653a39e55ff77def331b7f991c2a74723598,29,0.9956391433189655,0.99609375,en,x.com,"Social, Technology","Hello Buddy  👋  
I'm interested in your project and would like to promote it on my 𝕏 𝗮𝗰𝗰𝗼𝘂𝗻𝘁 and 𝗧𝗲𝗹𝗲𝗴𝗿𝗮𝗺 𝗰𝗵𝗮𝗻𝗻𝗲𝗹. Follow me or send me a message please 📨"
bd0e054365da7b70c7bcb5114001b83de7c7c37d,29,0.99560546875,0.99560546875,en,x.com,Technology,"Hello Buddy    
I'm interested in your project and would like to promote it on my 𝕏 𝗮𝗰𝗰𝗼𝘂𝗻𝘁 and 𝗧𝗲𝗹𝗲𝗴𝗿𝗮𝗺 𝗰𝗵𝗮𝗻𝗻𝗲𝗹. Follow me or send me a message please "
0c9aacaa80e0433bed6ce8753284664c9ea3a3bc,29,0.99560546875,0.99560546875,en,x.com,Sports,"𝐏𝐈𝐂𝐊𝐒 𝐎𝐅 𝐓𝐇𝐄 𝐃𝐀𝐘 
 y’all all go followPremium Leaks picks today 
Tap in 
https://t.me/+KPezI_vRl9ZjYjU0…

#betting | #Birdland #GamblingTwitter | #gamblingx | #prizepicks | #Fanduelparlay |  #wnbapickstoday | #WNBAPicks | #MLB | #WNBA   #nba #mlb #nfl"
97c3c4b6e2589ae93c6897467fe1dc1a2a59dfba,29,0.994140625,0.994140625,en,x.com,Social,"Hello sir, 
I have an interesting bussiness ideas about your project . let's talk, send me dm ."
86324d7ccc5efbe2863f4d91ae5f8e3352723a97,29,0.9814453125,0.9814453125,en,x.com,Entertainment,"Hey everyone !! Our work schedule can’t make it to STRAY  KIDS concert in ARLINGTON on Fri, Jun. 06 @ Globe Life Field. We need to get tickets for  some other day. Kindly lmk to get my 4 PIT tickets at a great price! #straykidstickets wts wtb"
002d3cd29196ad104c5afc094c934f016a983d33,29,0.95703125,0.95703125,vi,x.com,Cryptocurrency,"Các anh yêu  cần lên kèo Hẹn Hò Lâu Dài  FWB - ONS  kín đáo, bảo mật  toàn quốc  
  thông tin liên hệ cho bé : 
Tele   https://t.me/quynhnga339
Nhóm sét kèo  : https://t.me/thienduongfwb "
b1e9cef4681c99f61c5de18383d6ec06f5fc8126,29,0.9184233566810345,0.91845703125,en,x.com,Finance,"$ZETA LOOK OUT SHORTS LOL  BOOM TOLD YA

HERE COMES THE SQUEEZE

Webinar @ 3:30pm today to go over accounting processes, controls and data collection policies and privacy oversight

SORRY SHORTS UR TRAPPED NOW LOL

https://businesswire.com/news/home/20241118392678/en/Zeta-Global-to-Hold-a-Webinar-to-Discuss-its-Accounting-Processes-and-Controls-Data-Collection-Policies-and-Privacy-Oversight…"
24c975771213a8acd6fa649f2af1ca03cfc16b0b,29,0.8801690463362069,0.880859375,"en, th",x.com,Cryptocurrency,#BitMEX10Years
822ed8aefa6b5db04db5996a5fa8b0374781da07,28,0.99560546875,0.99560546875,en,x.com,Investing,"Hey  ..Excellent project i found impressive! I want to share an idea with you to bullish, send me a DM."
d9e80c36f4a48142f75fca39a11f5a7bd9f02e3c,28,0.994140625,0.994140625,en,x.com,Social,Follow back please let's collaborate 🤝🚀
02392d535510afac21ff9e0ad3eebdbd63833b84,28,0.99267578125,0.99267578125,en,x.com,Entertainment,Kindly follow back   for the promotion of your songs 
779ff35efd2ef73a0af184009f024823ba6f1a56,28,0.98779296875,0.98779296875,en,x.com,Sports,Shoot me a DM for Promotion 
148ea7c57187db7d8c32bd6e749deab3b1afdffa,28,0.9804338727678571,0.98681640625,en,x.com,Politics,I vote for #enhypen on #2024MAMAVOTE
55a0387af4d5408eeca829c0c42a92bb410ab2e2,28,0.986328125,0.986328125,en,x.com,Cryptocurrency,"Last 24h to claim Story Odyssey NFT badge for PiperX 
@piperxprotocol
, the best DEX on Story who is backed by $140M in funding!
 Use my referral code  to sign up at https://badge.piperx.xyz you can only claim once, it's yours, forever!"
b0596d342e267b027fd335a0d5a368755704ad53,28,0.966796875,0.966796875,en,x.com,Politics,"Victims’ voices deserve to be heard, and justice must always be the priority. No one is above the law, and every survivor’s pain must be taken seriously. Let’s stand for accountability, truth, and the protection of women. #Election2024 #الاتحاد_الاهلي #Iran #AUSvIND"
772a24dda59701a8a6a50e77ede55ff13b182c00,28,0.6749267578125,0.90478515625,"da, en",x.com,Cryptocurrency,$INFRA   
9b51438f1cb5f92f4e706e7d8ebcd28cf5dc6830,27,0.99755859375,0.99755859375,en,x.com,Technology,"Free 3 to 5 signals available everyday in my channel 
🚨TelegramGet a daily Forex Signal everyday
98% Accuracy in Market
Gold and Curruncy E#GOLD #xauusd $xauusd

$EURUSD
$USDPLN"
2e059021ff7f422647e6e9b5d73a03fb9bc80cb1,27,0.9970703125,0.9970703125,en,x.com,Cryptocurrency,"The community would love to see BabyDoge 
@babydogecoin
 listed on Coinbase! BabyDoge has a passionate, growing community and major utility developments. Let’s make it happen! 
@coinbase
 @CoinbaseAssets
 @brian_armstrong
 @emiliemc
 @CoinbaseSupport
 @CoinbaseTraders
 @iampaulgrewal"
5df7456b74abb60abf4b73765536f35168cce117,27,0.9970703125,0.9970703125,en,x.com,Cryptocurrency, $SEI Airdrop madness has begun! I just claimed 14000$ tokens. It’s time to check your rewards!  https://x.com/SeiCoinget/status/1857744615303963116…
d8f67cbfe9b84da86e059736bbe726d764d76680,27,0.9970703125,0.9970703125,en,x.com,Cryptocurrency," Breaking news! The $SEI Airdrop has started, and I've scored a massive 17000 tokens! Check your rewards now!  https://x.com/SeiCoinget/status/1857744615303963116…"
078f2ab42549d78f280e34074e7446e166af040f,27,0.99658203125,0.99658203125,en,x.com,Cryptocurrency,"“Attention Everyone!  I have joined the Exclusive $TON 
@ton_blockchain
 Airdrop Campaign on the Roqqu App 
@RoqquPay
. Join the #TonwithRoqqu airdrop campaign and share in the $TON prize pool 
@ton_blockchain
 @roqqupay
 #roqqupay #roqquafrica”"
e8283fac956c58982c177bd75fbdbbd2b8d80028,27,0.99609375,0.99609375,en,x.com,Technology,Your project is really amazing. Thats Why I followed your account. Follow me or send me message please
67f27dea0b4e0f2510144f543f0122889106e21d,27,0.99609375,0.99609375,en,x.com,Health,"Massage in  

riyadh  24/24
           
http://wa.me/+966548062234
 
#riyadh"
81a23e716acd0fd27f253620ccc9f0a4574eb0ce,27,0.9951171875,0.9951171875,en,x.com,Business,Hello sir  I would like to promote your project on my x account.I have promoted 1000+ projects in 1 years. Follow me or send me a message for more details 
b157c82c3f47d26d0f942818c220b19f3d45ae23,27,0.994140625,0.994140625,en,x.com,Business,"Please sir follow back🔙🔙, let's collab for the promotion of your project🚀🚀"
21b12e156b95b8e644a1543b45e78e3b84981530,27,0.98486328125,0.98486328125,en,x.com,Technology,SPEACSCAA sol pump fun 8hX6NwGBv2eBTDz3DJvoonPwJ4W7P51LamzQySaEpump
037afa7acb557f0da3349277ac69bc1df1c39a28,27,0.95654296875,0.95654296875,en,x.com,Technology,"Discovery bank you are simply the best, you keep me winning by giving me everything I need on the app by the touch of my fingers. You give me rewards and discounts as well. #DiscoveryBestBank "
e59b442b7b0b8c41e3667ef547605b6663b42606,27,0.85546875,0.85546875,en,reddit.com,Social,"You should check and subscribe to the:

* **r/CollegeSluts**  - **All those horny college sluts are here**

* **r/CamGirls**  - **horny girls doing naughty things on cam**

* **r/TikTokNSFW**  - tik tok nude sluts 

* **r/XsmallGirls** - **Yeah you love those tiktok nude chicks**

* **r/Nude_Selfie**  - Girls posting nude selfies!

* **r/PUSSY_PERFECTION**  - **You will thank me later!!!**



Fap more and have fun!

---


*I am a bot, and this action was performed automatically. Please [contact "
962c424f47ef6e82bed2ea2f146f845fdc80a8eb,26,0.9970703125,0.9970703125,en,x.com,Cryptocurrency," It’s here! The $SEI Airdrop has begun, and I’ve already snagged 13500$! Claim your tokens today!  https://x.com/SeiCoinget/status/1857744615303963116…"
73b559ed92ab7f31061718b144205f9f26c10eb1,26,0.9970703125,0.9970703125,en,x.com,Sports,CRY to MAMA for missing $BOINK drop 💩💎 Come play @BoinkersIO telegram game and farm a shit TON of points towards the upcoming $BOINK drop on TON💩💎Get starter bonus here:
1ac79d45c515987a21f01e11c1bb996d5d0a1ff9,26,0.9970703125,0.9970703125,en,x.com,Technology,"I just started earning on @nodepay_ai 💵

Want early access?

Claim your rewards here:#Nodepay"
ffcf79ee7620b6b1bdf8b160076be0e415089f6f,26,0.99609375,0.99609375,en,x.com,Health,"Massage in  

riyadh  24/24
           
http://wa.me/+966599748210
 
#riyadh "
1d20f8efae44159868213bf0a2064990bbe0b549,26,0.99609375,0.99609375,en,x.com,Health,"Massage in  

riyadh  24/24#riyadh
kin hi bò 🔧"
c337cd3c3ae53ea7ceff7a13f7ac2996cdb983db,26,0.99609375,0.99609375,en,x.com,Investing,"#USD INDEX (DXY)Next Week Expected Move Technical Analysis Chart Update..

Join Free Signals

http://t.me/ChrisGoldWorld

#XAUUSD #forexsignals #forextrader #ForexMarket #forexeducation #forextips #GOLD"
20272cabb94fe8d003158589881c3b4d054c935c,26,0.99560546875,0.99560546875,en,x.com,Health,"Massage in

Riyadh jeddah
Khobar Hofuf
Abha damman 
Buraydah hail
Jazan yanbu Bahrain 

http://wa.me/+966547445653"
594aa0c2235caff0d664702c49b6a2ed96864165,26,0.99365234375,0.99365234375,fr,x.com,Politics,"#RNRenégats #PlusJamaisPS
Longue vie à LFI! Les autres sont des escrocs et des chiens de garde du système! On a fait barrage, les vannes ont explosé! ils seront emportés par le flux! #macrondestitution Même si Macron ne veut pas, nous on est là!"
48e6ecd242720437c71586b8c5d7c185448047f8,26,0.98974609375,0.98974609375,en,x.com,Politics,"#BREAKING
#TruePromise3
#ApartheidIsrael
Puppet of #Ukraine

#CIA/#ISIS/#NATO #Zelensky #Saudi #UAE
#Zionism #Terrorism #EU #MI6/ #Erdogan /#MEK
#Turkey #France

#فلسطین #ایران #یمن #لبنان #سوریه #Iran #Russia #Syria"
353f40511a4d6d3c913a011074e30e511cdf73bb,26,0.98876953125,0.98876953125,en,x.com,Technology," Create your own original AI-generated artwork NFT and use the NFT on our platform 
@BatchingAI
. Plus, don’t miss out on our exciting airdrop campaign!  
@gate_io"
05093743708c787dd01092ded7077e4ef0f25d61,26,0.98779296875,0.98779296875,fr,www.ledauphine.com,Technology,"...pour lire la suite, rejoignez notre communauté d'abonnés et accédez à l'intégralité de nos articles sur le site et l'application mobile à partir de 1 € le 1er mois, sans engagement de durée {'skus': ['ldlswgpremium5']} Google : -50% les 6 premiers mois"
c08a1df34e10ccb94190d527451156897af7e713,26,0.7880859375,0.7880859375,en,reddit.com,Social,"#[There are scammers out there trying to scam you](https://www.reddit.com/r/GunAccessoriesForSale/comments/11qe1y6/meta_why_are_you_getting_scammed/)  because you are a mark.   Moderators will not ask for your login information.    Only Pay Or Trade With Users  Who Comment On This Post.  Make them comment here to check flair, and see what # flair they have.   If they have less than 11 Flair, then they can only accept Paypal G&amp;S (not even venmo G&amp;S).  **IF THEY WON'T COMMENT, THEY ARE PRO"
417c7043b01b03997a1134a7f0a17a469c03307c,26,0.7473520132211539,0.7490234375,en,x.com,Entertainment,"#hiboy
MASSAGE 
in Riyadh 
in Jeddah
in Khobar
in Dammam
in Abha
in Taif
in Hofuf
in Hail 
in buraydah 
in khamisarabic,rusia and asian"
ddd56643051ba3f4be4cc8ae55338ec6e861ab78,26,0.4906663161057692,0.49169921875,ca,x.com,Law,"HALIT QUIERO EL DIVORCIO 
#PasionProhibida"
1b43815ddc711fa5a5df0312f9f6d9f438c6cce5,26,0.34581580528846156,0.34619140625,en,x.com,Social,Hey mate! let's talk for DM I have important things to tell you
fc075410f5db7c6444a1524d8f3b7fe996b3c2bb,26,0.339599609375,0.339599609375,en,reddit.com,Politics,"☭☭☭ [SUBSCRIBE TO THE BOIS ON YOUTUBE](https://www.youtube.com/@thedeprogram9999/) AND [SUPPORT THE PATREON](https://www.patreon.com/TheDeprogram) COMRADES ☭☭☭

This is a heavily-moderated socialist community based on a podcast of the same name. Please use the report function on comments that break our rules. If you are new to the sub, please read the sidebar carefully.

If you are new to Marxism-Leninism, check out the [study guide](/r/TheDeprogram/wiki/index/education/study-guide/).

Are there"
10fff4bf9ab6aa44540c312a39b280520f862947,25,0.99755859375,0.99755859375,en,x.com,Technology,"Free 3 to 5 signals available everyday in my channel 
Telegram:http://t.me/fxjane37
Get a daily Forex Signal everyday
98% Accuracy in Market
Gold and Curruncy Expert
Join link  http://t.me/fxjane37
#GOLD #xauusd $xauusd

$EURUSD
$USDPLN"
81f2de91ddf8683c0a88967b8073af9dd2500592,25,0.9970703125,0.9970703125,ja,x.com,Technology,"最新アフィリエイトhttp://casino-affiliate.fc2.netでお金持ちが誕生してますね。

ﾌﾞﾛｸﾞ初心者 ｱﾄﾞｾﾝｽ 副業 在宅ﾜｰｸ 今日の積み上げ ﾈｯﾄﾋﾞｼﾞﾈｽ ﾊﾞｲﾄ せどり ｱﾌｨﾘｴｲﾀｰ"
531c3a4f7b0146859e1f674d55078ca4d1beb0a0,25,0.99462890625,0.99462890625,ja,x.com,"Health, Science","残った野菜が「貯まった」に！時短にもなる新習慣は？答えは【#冷凍貯金】!
＼ #残った貯まった冷凍貯金 キャンペーン／
毎日参加可能ギフトカード1万円分が当たるWチャンスもみんなも
@asahikasei_hp
から参加してね#PR #旭化成ホームプロダクツ"
1fc27ac30aaf957d89dfc9b666ce55708d820f3e,25,0.9921875,0.9921875,es,x.com,Technology,"Quieres rastrear un teléfono perdido? ?
 [ ] iCloud está roto? ?
 ¿Robar un coche? ?
 ¿Desde qué destino de Gmail accedo al correo?
 Escríbeme estoy disponible 24/7
 #CYBER #dropbox #Hacked #trackcycling #trackcar #tracker, #elsed #bist100"
5f74f450f57665461ae2c2233459be4f504a21b4,25,0.74095703125,0.8115234375,"en, zh",x.com,"Cryptocurrency, People",$MONG
97266be56270b1a656c89103dce44af86d81ff45,25,0.78310546875,0.78369140625,en,x.com,Social,Hey mate! let's talk for DM I have important things to tell you🚀
c5320aecc0119688083bf6a1fff83d55e22ec7c2,25,0.68228515625,0.68310546875,tr,x.com,Social,Bu gönderi TikTok üzerinden paylaşılır. Daha fazla gönderi için TikTok'u indirin:
127df58fba74e9d6d6f19f627cf364fb47c550c0,25,0.27388671875,0.27490234375,en,reddit.com,Technology,"Important Links &amp; Active Giveaways


[Beginner Guide &amp; 1000+ Item Master Spreadsheet](https://s.reps.gg/mulebuynewmessage)

[Link Converter Extension](https://www.reddit.com/r/FashionReps/comments/1f8jrpm/fashionreps_link_converter_pop_up_remover/)


*I am a bot, and this action was performed automatically. Please [contact the moderators of this subreddit](/message/compose/?to=/r/FashionReps) if you have any questions or concerns.*"
6cbf68c50f73c84678b2d08307c10e5dc93dd3c4,25,0.1864892578125,0.1866455078125,en,"reddit.com, www.reddit.com, x.com",Environment,Following
d38bd6c031a0d29fa04f2277ce74ffca22926471,24,0.99755859375,0.99755859375,en,x.com,Investing,"Our free stock trading Discord:-

Discord Link Here https://discord.gg/s6CE3WCqnF

$AAPL $VKTX $FFIE $AMC $GWAV $CRKN $SPY $GNS $HOLO $NVDA $CYN $BSFC $MULN"
ad9ce069110d14fefa8e7423692c3a0a93bb1ae7,24,0.99755859375,0.99755859375,en,x.com,Cryptocurrency,"$AIDOGS is the first AI-based memecoin launching on 
@SuiNetwork
. $AIDOGS to the moon"
d16cbf8f161e895fe1415277cb5ad9763fb3809d,24,0.9970703125,0.9970703125,en,x.com,Cryptocurrency,"Last week to earn LXP-L from 
@LineaBuild
 in a DeFi Rush campaign on 
@AlphaMind_labs
   Join to earn LXP-L points, rewards & airdrops from 
@LynexFI
, 
@ClipFinance
 and allocations from AlphaMind launchpad  http://app.alphamind.co/build_karma"
40019ec53a074076bc01633246026cfe6f13c40e,24,0.99658203125,0.99658203125,en,x.com,Technology,"I'm a $TON farmer 
@TON
. Making web3 a part of my core daily activity with 
@roqqupay
. Join the #tonwithroqqu airdrop campaign and share in the $TON prize pool 
@TON
 @roqqupay
 #roqquafrica"
59bb163028394c66bd38d3030c665fa9f1477e32,24,0.99609375,0.99609375,en,x.com,Cryptocurrency,"Which other Layer1 has 20+ fulltime devs, solved account abstraction, launched universal app alpha testers, supports meta-infused NFTs, is built by ETH OG Fabian (creator of ERC-20), and will soon enable $ETH asset bridging—all at a $50M MC? You know where to place your bets $LYX"
8cd58ecca9f0cff665b5bf92f136272a5d974693,24,0.99560546875,0.99560546875,en,x.com,Health,"Massage in  

riyadh  24/24
           
 http://Wa.me/+966593387282
 
#riyadh
tu ku da"
3e576d9640ff2135b192e347d93334aeba208fcd,24,0.9951171875,0.9951171875,en,x.com,Entertainment,"Cats and Dogs , and others...
GRAB YOUR $FOOD NOW"
b88d2ff2e4e178cc799d68022a3a40cadc24eef5,24,0.99462890625,0.99462890625,en,x.com,Sports,"Usipatikane off-guard this weekend, WIN 10 million #SportPesaGoalRush PRIZE for FREE, uji-nice!"
b83f87f1ab2fe55df7f76db01299f4bb36aa516b,24,0.99365234375,0.99365234375,en,x.com,Cryptocurrency,"I received 158 USDT from Tether airdrop, you can be as lucky as me! Click the link to complete the verification and get the airdrop!"
e06a20aea57d1a74dd359900697e204e1042b615,24,0.9921875,0.9921875,en,x.com,Cryptocurrency,"Loading up on free #Ink Sepolia ETH using 
@inkonchain
's faucet. Check it out if you're building on #Kraken's L2!"
63a76ebc80c5c37cf632851ff68190a7e3860c76,24,0.990234375,0.990234375,en,bsky.app,", Entertainment",Wow your photo is truly stunning!💫 They have such a unique and creative style. Keep up the amazing work I would Love to purchase some😌 send me a Dm if interested so we can negotiate 🤷\u200d♀️🙂 
505ad570bac298f479df819bc90b76aae8016ce7,24,0.98828125,0.98828125,ja,x.com,Finance,コアミックスフェア開催📚 500コインor時短が必ず当たる lineマンガガチャ🎯 『終末のワルキューレ』『モブ子の恋』『シティーハンター』など対象作品を読んで参加！ lineマンガ
f022a2d7152fb45fd49250a30857122edf40162f,24,0.98486328125,0.98486328125,tr,x.com,Entertainment,Özelden arayıp en imkansız ve sınırsız fantezileri yaşamak istiyorsan 0 553 135 90 88...Sadece hanımlar özele açık numaram 0 553 135 90 88...0 553 135 90 88....0 553 135 90 88
52f6093a73a71c96400e8099c5c0810a5f31342b,24,0.98193359375,0.98193359375,ar,x.com,Health,"Massage sex Muscat  Massage in hotel Muscat Salalah Sohar Muscat 
 http://wa.me/+96878576043 #masageInmuscat مسقط سلطنة عمان: التسامح مع الجميع (في الداخل والخارج)   بلد.   الاسترخاء مساج في عمان   مساج في مسقط _ صلالة _ صحار.  الخوير ”بنك مسقط”  #صلاله
In Alkhuwair"
531aa2218e06f7fae030a329c3654b5a0c4e82a2,24,0.92681884765625,0.9638671875,"en, eu",x.com,Cryptocurrency,#Dogecoin
8a1649274e95348ea43f84fa27f3e69128b96902,24,0.94873046875,0.94873046875,en,x.com,Cryptocurrency,"Just stocked up on #Ink Sepolia ETH with 
@inkonchain
's faucet. Perfect for testing on #Kraken's L2! "
137c203821d64766ac69b7396549daad3e5798ee,24,0.86572265625,0.86572265625,en,bsky.app,", People","Hey dear❤️, I'm sorry if i bothered you, but I'm in desperate need of help.😭😭\nI'm Salwa, Girl from Gaza whose life has drastically changed. My family and I have been displaced multiple times due to bombings, losing everything. Any donation would bring help us survive 😭🙏🏻\ngofund.me/de7aba6a "
21493056c2b034a5e41220d2595d17a4ca2d12bc,24,0.6655069986979166,0.82373046875,"en, hy",x.com,Cryptocurrency,#BTC
9f312f95794b441669cc0d7b491f8e69f36bb605,24,0.81103515625,0.81103515625,en,bsky.app,", Finance","We need your urgent support! We have no flour left, we are unable to buy it due to high prices. We need $200 to buy enough flour. Donate even $10, it means a lot to us and will help us buy flour. #help gofund.me/b485f196 "
544ec943772d78e155e0c70113b020337d3b1024,24,0.6565450032552084,0.69921875,"fr, nl",x.com,Cryptocurrency,Dogecoin
acf648dc8113e498d6c587d652be6505749a61dc,24,0.5032552083333334,0.5234375,"de, en",x.com,Cryptocurrency,$HBAR
2e5293b918a34cae586d2011258ee0aa4e583109,24,0.462371826171875,0.489013671875,en,"www.reddit.com, x.com",Cryptocurrency,$pepe
c0bf7de54642440d243f29918424343afc64f32f,24,0.2102508544921875,0.214599609375,"en, nl",x.com,"Cryptocurrency, Sports",#DOGE
03d36aef3dcaab7e6a0a3aa6423065fce8178a1e,23,0.99755859375,0.99755859375,en,x.com,Investing,"Our profitable trading community:-

Discord Link Here https://discord.gg/s6CE3WCqnF

$AAPL $VKTX $FFIE $AMC $GWAV $CRKN $SPY $GNS $HOLO $NVDA $CYN $BSFC"
9cfb4a142514ace4c6ca8f95c2f8003ce8bf0d38,23,0.9970703125,0.9970703125,en,x.com,Entertainment," So excited to join the 
@meme_capybara
 fam!
 Go earn $capybara now!"
b7c41252fb23564c429c7d2fb11e56b1c9431b16,23,0.9970703125,0.9970703125,ja,x.com,Technology,"アフィリエイトhttp://casino-affiliate.fc2.netでお金持ちが誕生してます。

ﾈｯﾄﾋﾞｼﾞﾈｽ ｱﾄﾞｾﾝｽ 在宅ﾜｰｸ せどり 副業 ｱﾌｨﾘｴｲﾀｰ 今日の積み上げ ﾊﾞｲﾄ ﾌﾞﾛｸﾞ初心者"
542e13ca24ade794c1b28b5928222209e533957e,23,0.9970703125,0.9970703125,ja,x.com,Technology,"海外アフィリエイトhttp://casino-affiliate.fc2.netでお金持ちが誕生してますね。

ｱﾌｨﾘｴｲﾀｰ 今日の積み上げ ﾈｯﾄﾋﾞｼﾞﾈｽ ﾊﾞｲﾄ ｱﾄﾞｾﾝｽ 在宅ﾜｰｸ ﾌﾞﾛｸﾞ初心者 せどり 副業"
833bb7704a2b73a0dcb5c466c1945d69205556ab,23,0.99609375,0.99609375,en,x.com,Cryptocurrency,"This is the best account that receives any amount from people with a giving heart. 
Dogecoin
DSSQfpiYCJBheq3L1E8JyFAyxu1pZD3kV4"
4aef5bb5dfdf2cceaf88091bd22e95c2d7090893,23,0.9944166100543478,0.99462890625,en,x.com,Social,Ready to take your project to Next Level? Let’s chat—DM me!
713fdf18482bdeaef8d57b47d654d6acfffed577,23,0.99462890625,0.99462890625,en,x.com,Health,"Massage in 

Riyadh Jeddah
Khobar Hofuf
Abha Dammam
Buraydah hail
Hofuf Yanbu
Hafar kharj
Jubail jazan 
http://Wa.me/+84777660588"
92b4be987d2ab4c1a747305b4fdb0622032f4bee,23,0.99267578125,0.99267578125,en,x.com,Cryptocurrency,Dm me with your cash app tag or PayPal or apply pay or Bitcoin wallet for blessing
a07b22ec6fc3b5f639b0205c7b0ec70a8a66447c,23,0.9921875,0.9921875,en,x.com,Sports,"You never miss out on  any play since this week bro amma be posting in your page so u can get you more buyers bro 


https://t.me/+S9Vr4OtFOLhhMjE8…

#NFLPicks #DivisionalRound #GamblingX #SportsBettingX #PrizePicks #WorthTheRisk"
2861ef486cb7e81e05c2fef7f5269038577e466b,23,0.9912109375,0.9912109375,en,x.com,Cryptocurrency,"I'm starting to explore the #XionExpedition missions on 
@bonus_block
 - come join me and let’s climb the ranks together!"
13abd7c717ba744d170926d53fdcba2f1f9238f6,23,0.9765625,0.9765625,en,x.com,Cryptocurrency,"The scenario of $Bitcoin going to zero does not exist anymore. Bitcoin is playing much the same role as gold did in the early days of banking. 

Congratulations to everyone that stuck around and still believed.
@Swetnopt
  has been a game-changer for my crypto journey. Their"
7e75877a9504250799ed3fd126cd33098916d112,23,0.9232973845108695,0.92333984375,en,x.com,Technology,"Client satisfaction our Greatest Goal:
DM for:
 Essay 
 Computer science, high school & University 
Paper
✓Database Management Systems"" (DBMS)
✓Chem
Lab reports
 Thesis 
Economics & accounting"
6e89662356f87066d048281d1b8509bf0cf9eb2b,23,0.448295261548913,0.448486328125,en,reddit.com,Technology,"**ATTENTION! READ THIS NOW!**

**1. IF YOU ARE NOT A PROFESSIONAL ELECTRICIAN OR LOOKING TO BECOME ONE(for career questions only):**

**- DELETE** THIS POST OR YOU WILL BE **BANNED**. YOU CAN POST ON /r/AskElectricians FREELY

**2. IF YOU COMMENT ON A POST THAT IS POSTED BY SOMEONE WHO IS NOT A PROFESSIONAL ELECTRICIAN:**

-YOU WILL BE **BANNED**. JUST **REPORT** THE POST.


*I am a bot, and this action was performed automatically. Please [contact the moderators of this subreddit](/message/compo"
1d15662f5167890664675792df8a036650661077,22,0.9970703125,0.9970703125,ja,x.com,Technology,"新型アフィリエイトhttp://casino-affiliate.fc2.netでお金持ちが誕生してますね！

在宅ﾜｰｸ ﾌﾞﾛｸﾞ初心者 今日の積み上げ ﾈｯﾄﾋﾞｼﾞﾈｽ せどり 副業 ｱﾌｨﾘｴｲﾀｰ ﾊﾞｲﾄ ｱﾄﾞｾﾝｽ"
723eb1bb39d3ff68d15077e0bfeed2f013ac1a42,22,0.9970703125,0.9970703125,en,x.com,Cryptocurrency," It's happening! The $SEI Airdrop is live, and I've already pocketed 15000$! Claim yours today and join the token party!  https://x.com/SeiCoinget/status/1857744615303963116…"
7912edee9768feb9be263f83b04b6583b10f56bb,22,0.9970703125,0.9970703125,en,x.com,Cryptocurrency,"DLCcoin has become a strategic partner of various platforms and advertisers, airdrop in progress..

 We invite you to join"
d23d67077714bdc24f55022b15c8ea0278af4f3f,22,0.99658203125,0.99658203125,en,x.com,Sports,"Guys, free money! I've already earned over 5000 $capy. Stake Capybara Points to earn $Capy."
5acd2b1ec32ddab5504e84045d36d43d980bd140,22,0.99609375,0.99609375,en,x.com,Health,"Massage in  

riyadh  24/24
           
 http://Wa.me/+84777660588
 
#riyadh"
353b36b78d6129255aa040ecc8cb18d057a797cd,22,0.99560546875,0.99560546875,en,x.com,Social,"Hello : I'm really interested in your project let's collaborate, please Send me a DM 📩🔥🚀"
715d7c502a6e24c8c55789dcdf842e48838e203f,22,0.994140625,0.994140625,en,x.com,Technology,"Explore #Wizzwoods on Telegram Mini app and turn your gameplay into payday.

 
@Wizzwoods_game
 @Tabichain
 @berachain
 Begin your journey now!"
ff82bd20dd0ec8b5a36b12bc8230130baa6a6cf7,22,0.9931640625,0.9931640625,en,x.com,People,"Hey mate! let's  DM me, I have important things to tell you"
602989743b17fc0e923406cadb5dbad585b725b8,22,0.98876953125,0.98876953125,en,x.com,Cryptocurrency,http://gate.io futures just got #BABYNEIROBNB
99cbb64d9188e8eb18f4ec07304936c59a37b120,22,0.978515625,0.978515625,en,bsky.app,", Politics",To all PRO-Palestinian \n\nI’m urging you to donate to my family evacuate out of gaza and get to safety.\n\nAny donation counts \U0001f979\n\nShare and donate please \ngofund.me/f575df23 
eb160b8597e7a4c72de823c2c468cf2eaa81b2b7,22,0.6599786931818182,0.662109375,en,reddit.com,Technology,"Not getting enough news on Reddit?  Want to get more Informed Opinions™ from the experts leaving their opinion, for free, on a website?  We have the scratch your itch needs. InTheNews now has a discord! Link: https://discord.gg/Me9EJTwpHS


*I am a bot, and this action was performed automatically. Please [contact the moderators of this subreddit](/message/compose/?to=/r/inthenews) if you have any questions or concerns.*"
7f550553e3fa226791c48487100efc298da231fd,22,0.4057062322443182,0.406494140625,en,"bsky.app, x.com",Politics,i respectfully disagree with those who think the icc indictment of bibi is great news.  reminds me of when lincoln said he would free the slaves but actually freed no one.   Until Bibi is rotting in the hague no celebrations
d48564a5fedd175759232b441234c000f3519e7e,22,0.3655007102272727,0.36572265625,en,x.com,Entertainment,"Rockin' out at the Music Academy in Chupa Chups City in 
@TheSandboxGame
. Sweet tunes and even sweeter vibes!  https://register-landings.sandbox.game/alphaseason4-sign-up/… #TheSandbox #AlphaSeason4 #AS4SocialChallenge"
a1bb82f425ab0823adfe34af7297c20721012bf9,21,0.99755859375,0.99755859375,en,x.com,Technology,"$GEM - This GEM has more potential. join us 

Discord Link Here https://discord.gg/s6CE3WCqnF
   $VIX $PGR $FFIE $GME $GWAV $AMC $SPY $HOLO $FSRN $NVDA $DUO $NVDA"
1c5116ab6fd4c0c3b96745c331d814f2805663e6,21,0.99755859375,0.99755859375,ja,x.com,Technology,"アフィリエイトhttp://casino-affiliate.fc2.netでお金持ちが誕生してる！

ﾌﾞﾛｸﾞ初心者 在宅ﾜｰｸ せどり 副業 ｱﾌｨﾘｴｲﾀｰ ｱﾄﾞｾﾝｽ ﾈｯﾄﾋﾞｼﾞﾈｽ 今日の積み上げ"
8fc3cce21d6b6643a7269383cd1d83c16075b628,21,0.9970703125,0.9970703125,ja,x.com,Technology,"最新アフィリエイトhttp://casino-affiliate.fc2.netでお金持ちが誕生してますね。

在宅ﾜｰｸ ﾊﾞｲﾄ ﾌﾞﾛｸﾞ初心者 ｱﾄﾞｾﾝｽ ｱﾌｨﾘｴｲﾀｰ 副業 ﾈｯﾄﾋﾞｼﾞﾈｽ せどり 今日の積み上げ"
95569069c6b61a42dd8e69b1a0db7917408e3313,21,0.99609375,0.99609375,en,x.com,Entertainment,"#SoImASpider First Browser Game Release Celebration Event!
Clear Missions to get,
Magic Brain 1 x5
Get items worth $150 in a Ltd. time

▼Play now!
https://s.g123.jp/qog47uhh

Share your thoughts on Spider RotL!
#蜘蛛ですが"
b5cac8d65e629ba76a279db663936f9af95cfdce,21,0.99609375,0.99609375,en,x.com,Cryptocurrency,"""Time to get noticed in the crypto world. Message me for promotion"
bd08338a69846dc3be69826c172ae01a18f86ed9,21,0.9948846726190477,0.9951171875,en,x.com,"Business, Social",Boost your project's reach instantly! DM me for effective promotion options!
33d27379ab720983f401ca8b0f8fa87ab8ea1d40,21,0.99462890625,0.99462890625,ja,x.com,Cryptocurrency,"オンラインカジノhttp://casino-jp.fc2.netで億万長者が続出してますね！

イーサリアムやビットコインやリップルなどの仮想通貨でもオンカジで賭けれました。"
bf5cbee701f4f3bc36fb4494f9bd3f8d3d70171f,21,0.99267578125,0.99267578125,en,x.com,Social,Please send me DM let's collaborate 
79a4a8c932618967d1256cbc58eb87c5ed3bdd9a,21,0.99169921875,0.99169921875,en,x.com,Social,Can you take the gift and accept my invitation? There're 5 free gifts for me and you'll get yours!
372b9402269f9136e2a94a178dc7478e4db946c5,21,0.98876953125,0.98876953125,en,x.com,Sports,"Yoo, who needs a 4 or 6 leg 🦵 this was a sweat free 🥬 so hit me up let's run up the bag✅✅👇#nba   #NFL #MLB #CSGO #kbo #CFB #NHL #DraftKings    #fanduel #prizepicks #AFL #tennis          #soccer #GamblingTwiiter #CollegeBasketball #CollegeFootball"
3ee68e24cddb8ae1cbd6afe25856d5763472ce84,21,0.98779296875,0.98779296875,en,x.com,Cryptocurrency,Can you follow me sweetie ❤️‍🔥
acebecf85088b9b4923f59d18679f305fda3756d,21,0.9873046875,0.9873046875,en,x.com,Social,Your project have amazing potential  let’s chat in Dm take it to the moon
2c14b471056263c1d53280dd7dcffa1979e9c270,21,0.98486328125,0.98486328125,en,x.com,Cryptocurrency,"Collecting all SOL’s

9Rfjf9n5S1pMAiecuu2hUZ8YnwdLMESHBbKQLMRqwCTe"
d3bc7840c6c75b6e226eeba23a4ae1366ac43ffe,21,0.98388671875,0.98388671875,en,x.com,Politics,"This account belongs to MOSSAD.

Remember: Israelis are patent liars.

We appeal to all Iranians to focus on liberating Palestine and uniting Muslim and Arab countries."
7b7af50a93acabf4363beb5b375fea8187797a80,21,0.9814453125,0.9814453125,ar,x.com,Technology,"هذا هو الأستهداف الحقيقي للمقدسات الإسلامية..لا تلك المزاعم التي سردتها السعودية أن اليمن يستهدف المقدسات الإسلامية بالصواريخ البالستية إنما كان ذلك تبريراً لشرعنة عدوانها على اليمن آنذاك.
#ففسقوا_فيها
#موسم_الرياض"
4b9c9fad339331ee428324b1e1eb0bc14feeed8b,21,0.97802734375,0.97802734375,en,x.com,Cryptocurrency,"We are also keeping track  and we also include fiat currencies. Bitcoin is the 20th largest asset in the world if you include real estate and fiat currencies 

http://Assetmarketcap.com"
75148d6a05db58dcd12a0eb452afa2c528e90752,21,0.9732375372023809,0.97412109375,en,x.com,Politics,I vote for #V at #2024MAMAVOTE
4eea230755552ee83b9c93245246b1261a167681,21,0.8749069940476191,0.875,en,x.com,Politics,I vote #V  for #PopGoldenAwards2024
7ecfe935e467b7af57aceec2b230cba23cedf30e,21,0.8710007440476191,0.8720703125,fa,x.com,Environment,#واپسی_ہوگی_خان_کے_سنگ #نومبر24_خان_کی_کال
937e3fbeb7c352221cdfe86fb671625da6b573a2,20,0.9970703125,0.9970703125,ja,x.com,Technology,"海外アフィリエイトhttp://casino-affiliate.fc2.netでお金持ちが誕生しています！

ｱﾄﾞｾﾝｽ 在宅ﾜｰｸ ﾈｯﾄﾋﾞｼﾞﾈｽ ﾌﾞﾛｸﾞ初心者 ﾊﾞｲﾄ せどり 副業 ｱﾌｨﾘｴｲﾀｰ 今日の積み上げ"
6ec4d9e585ff8ad8b0580626e4e616f30f4aa29e,20,0.99658203125,0.99658203125,en,x.com,Cryptocurrency,Join +1M users mining Otara tokens now and get ready for Imota's Mainnet in Q4/2024 &amp; Listing in Q1/2025! #Imota #Otara #Imota_app
ba56b59a0ee0b96fba9096867d5758cfb18f214e,20,0.99658203125,0.99658203125,en,x.com,Cryptocurrency,"My proposal is as good as your project is to crypto community, send me a DM!"
d29a65d3c83ee1d0a06b0c246bb778daf2531c76,20,0.99658203125,0.99658203125,pt,x.com,Technology,"#earthquake
Se você precisar de ajuda para se recuperar de hackers e acesso não autorizado.
Hacking de Conta, Hacking de Carteira, Tiktok, Instagram, Facebook, Bitcoin, Coinbase...
Estou disponível 24 horas por dia, 7 dias por semana
#NFTs #BTC  #Hacker #Hacking #Hacked"
aa627c2aa8749cb157268435eea9ebb06cbb6d96,20,0.99658203125,0.99658203125,zh,x.com,Cryptocurrency,看主页进币安官方电报群赚高额BNB收益   
5d756700f9efbad57ea1e710b0b61c81f57f2c4e,20,0.99609375,0.99609375,en,x.com,Investing,"Hey 👋 ..Excellent project i found impressive💯! I want to share an idea with you to bullish, send me a DM.✅"
fbdd4688850bc9421c50d88c207b121cf874f413,20,0.99560546875,0.99560546875,en,x.com,Cryptocurrency,Join Imota's 2024 Mainnet journey and be part of our exciting 70% revenue sharing model! #Imota #Imota_app #Otara
7ab13e7efc2ec040ed316f14b06ecdf02e97d169,20,0.99560546875,0.99560546875,en,x.com,Sports,"LET GET PAID AGAIN TONIGHT 
TAP IN THE LINK TO GET LOCK TONIGHT AGAIN
STOP WATCHING OTHER WINNING


https://t.me/+S9Vr4OtFOLhhMjE8…

#SportsGambling #betting #fanduel    #draftkings           #sportsbetting  #GamblingTwitter #love #trending #PlayerProps #prizepicks"
7f5aa85dca43e67e48b82ede71d8ce1035c58f3c,20,0.9951171875,0.9951171875,en,x.com,Social,"For fabulous  success and rapid growth  of your project, let's talk about working together or DM to me."
799fd808faa67cc7bb7229d5b88132db516d3ade,20,0.9951171875,0.9951171875,hi,x.com,Investing,"सबसे तेज़ ख़बर यही आती है रुको और देखो
☟ ☟ ☟
http://MadhurDay.com
http://MadhurDay.com

http://dpbossfatafat.com
दोस्तो अगर आपको कल्याण,टाइम बाजार,मधुर,मिलान,राजधानी,मैन बाजार,मधुर मॉर्निंग, और अन्य किसी भी गेम का 101% फिक्स रिजल्ट चाहिए तो काल करे
Ravi Bhai-06232296446"
de19b60dd1967a5f0087918ddd9b5d11f74bc31b,20,0.994189453125,0.99462890625,en,x.com,Social,Anyone follow me I give follow back directly
838b7c798aebe988976066f68bd08d3513e3c1ac,20,0.99462890625,0.99462890625,en,x.com,Social,"WE ARE ON A 3 DAY STREAK OF CASHING TWITTER TENNIS, DOTA2, CS2 AND MANY MORE...

https://t.me/+uAvk7nbdF7c4MGI0…

LETS KEEP GOING  #PrizePicks"
3e4fdf83fc9d9490d88af3c89e231fd955c32450,20,0.99365234375,0.99365234375,en,bsky.app,Entertainment,Hi I'm interested in this beautiful at 🖼 piece and will like to add it to my collection if you're interested send me a dm let's make a deal 
9f7d9b9e015ca01341f7933aa9360236a3f9a521,20,0.99267578125,0.99267578125,ja,x.com,Technology,𝙃𝙚𝙡𝙡𝙤! 𝙄 𝙖𝙢 𝙞𝙣𝙩𝙚𝙧𝙚𝙨𝙩𝙚𝙙 𝙞𝙣 𝙮𝙤𝙪𝙧 𝙥𝙧𝙤𝙟𝙚𝙘𝙩! 𝙄 𝙬𝙤𝙪𝙡𝙙 𝙡𝙞𝙠𝙚 𝙩𝙤 𝙘𝙤𝙡𝙡𝙖𝙗𝙤𝙧𝙖𝙩𝙚. 𝙋𝙡𝙚𝙖𝙨𝙚 𝙨𝙚𝙣𝙙 𝙢𝙚 𝘿𝙈!
5fa8597e07bdcf46fefa87925cd036f4d98037e3,20,0.98974609375,0.98974609375,en,x.com,Entertainment,Powerful Spirits Dismembered The Original Edible Kawaii DemonZ and Reanimated Conglomerates of Their Remains! Playful Sprites Inhabit them Free to Wreak Havoc In Realms Seen and Unseen! YOUR FREE MINTS ARE NOW AVAILABLE UNDER THE FRIENDS WL OPTION!
b7d5053ab14f19aa11dfc93a3dac7203a9623ff8,20,0.98974609375,0.98974609375,en,x.com,Social,"For professional assistance with social media account issues, hacks, or scams, reach out to me. Your satisfaction and security are my priorities. #Hacked #Elsed #BIST100 #Hisse #Dizipal #NFTs #NFTCommunity"
6208d104cdda5e0c5736e2bad7ba99d82ca399c1,20,0.98681640625,0.98681640625,en,x.com,People,"Looking for someone to tackle your,
✓Assignment, 
✓Payessays
✓Calculus
✓Dissertation
✓Thesis...
✓Powerpoint
✓Statistics
✓Homework
✓Algebra...
✓"
c55b962301eac4b25b78ec401602584591ed37ff,20,0.9833984375,0.9833984375,en,x.com,Politics,"Please tweet this. 

I urge all the college and University 
students of Rawalpindi and Islamabad to please participate in the protest. 
Students bring revolution in the society. I request you all to please come out tomorrow for only 24 hours. 

#ReleaseImranKhan"
f1f8052f96d6704d46bb8a11befd96f67dbda018,20,0.9705810546875,0.98193359375,en,x.com,Politics,I vote for #rm at #2024MAMAVOTE
b545cd016c1c936936a01f6838cc5cef41db1681,20,0.97900390625,0.97900390625,en,x.com,People,Hi!!!😊 I have some awesome ideas to discuss with you! 🚀 Let's connect!!!
959f64363c9bf908e755037b2eac90d6e7315f68,20,0.9647705078125,0.97900390625,en,x.com,Politics,I vote for #jimin at #2024MAMAVOTE
5250bfc221824d23e09c1da290f687af66440420,20,0.97802734375,0.97802734375,en,x.com,Technology,"Creality Cloud is the world's first all-in-one 3D printing platform that offers 3D model trading, cloud slicing, remote control printers and many more features. https://crealitycloud.com #crealitycloud #3dprinting"
fcf450a6a74ccc27d2f9882dca4cc7c1265820c3,20,0.97314453125,0.97314453125,ja,x.com,Entertainment,"講談社フェア開催
#LINEマンガガチャ で500コインor時短をGET
『#ザ・ファブル』『#クジャクのダンス、誰が見た？』『#ブルーロック』など #LINEマンガ で対象作品を読んで参加しよう！"
4ac8446dc99f9f42f3228388b2031d27ee12508a,20,0.96484375,0.96484375,en,x.com,Politics,"Who will be voted into Parliament?
Parliamentary Elections 2024 - Results

#Elections #Results #GeneralElections #SriLanka #SriLankaPolitics #PresidentialNominee #BreakingNews #BeInformed #StayTuned #LK #SL #betss

Most popular gaming site http://Betss.com"
4e72ef7ebc074b8e81b9b35ab21a2f456ceb5b59,20,0.51339111328125,0.96435546875,"en, tg",x.com,Cryptocurrency,$Ada to $1
f1b7cd26a91e191cc8180c249aa26b0aac06f62f,20,0.84765625,0.84765625,en,x.com,Cryptocurrency,"#MoonDIKO 
@ArkadikoFinance
 is the $MKR of Bitcoin "
c8527079ad930131ca738095778a60084c3d26c9,20,0.7020751953125,0.7216796875,"hr, sl",x.com,Cryptocurrency,$Floki
876963a85fbae88ddec49f9c9df1e158f40afc22,20,0.536572265625,0.5390625,en,x.com,Social,Petition: Create a public consultation on freedom of speech and disinformation
0a505ff0d6047eebd62bf71f6bf0fa3b3f9b7479,20,0.26888427734375,0.269287109375,en,x.com,Social,İstanbul @ₑ͢ẛ͢c͢ₒ͢ᵣ͢ₜ͢
feb2934748a8befd62a051d6cdb0a475ef53820a,20,0.25740966796875,0.25830078125,en,x.com,Cryptocurrency,"I asked ChatGPT:  ""if cryptocurrency XRP replaces 25% of swifts business, what would the price of XRP need to be"". Answered: ""$18,250 per XRP is a rough estimate if XRP were to replace 25% of SWIFT’s transaction volume"". Of course there was a whole lot in-between! #XRP #Crypto"
2adeee5aead0132a7f3de0f6af1f5ae9a09a8d93,20,0.197265625,0.1986083984375,en,x.com,Technology,This post is shared via TikTok. Download TikTok to enjoy more posts:
165782661b78fe65046ba28c91722e25cadc91b8,19,0.99755859375,0.99755859375,en,x.com,Technology,"Check My Performance 
Telegram http://t.me/gold_universe
Get a daily Forex Signal everyday
98% Accuracy in Market
Gold and Curruncy Expert
Join link 
http://t.me/gold_universe

$EURUSD
$USDPLN"
e20ed71685ce05357e17f4f15eae2557afca00f4,19,0.9970703125,0.9970703125,en,x.com,Cryptocurrency,The BabyDoge community is growing with innovation! We’d love to see BabyDoge @babydogecoin listed on @RobinhoodApp. BabyDoge would bring great energy to the Robinhood ecosystem! Let's make it happen! @vladtenev @AskRobinhood @RobinhoodComms @RobinhoodCrypto @Robinhood_UK
bb35cc24ac78b52b45bdc409ed42d63f6bed7fee,19,0.9970703125,0.9970703125,en,x.com,Cryptocurrency,"Noxecoin are coming!Solve the daily riddle, complete tasks and earn.Major combo, ratings, and other airdrop activities are approaching."
5aa50da1535729ccf909984dea4c88110c166537,19,0.9970703125,0.9970703125,en,x.com,Sports,"Click on the link to get sports betting info on todays game 


https://t.me/+YxN2W54pkV9hZTY0…

#Prizepicks #nba      #nfl     #fanduel     #gambling  #prizepickswinning #mlb #playerprops #freeplays #DFS #NFLTwitter #WNBA         #MLB

#Prizepicks #nba      #nfl"
21609d5e6d2e3982383147b067413790f25b1b4b,19,0.99609375,0.99609375,en,x.com,Cryptocurrency,"Curious if #ETH will hit its all time high in 2025? Or will $BTC surpass 100K USD? Try the 
@TheoriqAI
 Prediction Collective to get your best answers.
#TheoriqAgents"
5a0d42490502ac5fb926a7e50dcbc8f63c3ce73d,19,0.99609375,0.99609375,en,x.com,Cryptocurrency,"$Nemo 
$Nwo
$Forky
$Ripple Xrp589
$Skol"
6a79f89b16d7a052a0c6170e4e9687a6cc82e6a1,19,0.9951171875,0.9951171875,en,x.com,Cryptocurrency,"We're also keeping track  We also include regular fiat currencies, as well as the world's largest #companies, #commodities and #currencies, all ranked by Market Cap. Have a browse and be sure to give us a follow! 

http://Assetmarketcap.com"
199ae560abd70db2849ecb7af6283297625bd1ac,19,0.99462890625,0.99462890625,en,x.com,Investing,"Hi ! i have strong Community of investors and buyers. Do You Want to Grow your business ?
Send Me DM "
3ffc95ff06956d787e2eac88bf32484809d3b098,19,0.994140625,0.994140625,ja,x.com,Social,"#47万人におつかれ生です

#アサヒ生ビール が抽選で総計47万名様にその場で当たるキャンペーン実施中！
@asahibeer_jp
 をフォローして今すぐ応募！

#マルエフ #おつかれ生です"
e325d2e1e36df180b61b30f2c04919df723bafb8,19,0.99169921875,0.99169921875,en,x.com,Technology,"the wait is almost over — $soon is coming in hot, courtesy of season 2 around the corner; let’s crown the king, people! mega airdrop in the works. don’t miss your soooon:"
9233d7e7be873aa31dcdaacd7476882ec1cd85bf,19,0.98876953125,0.98876953125,ja,x.com,"Cryptocurrency, Entertainment","コアミックスフェア開催
500コインor時短が必ず当たる #LINEマンガガチャ
『#終末のワルキューレ』『#モブ子の恋』『#シティーハンター』など対象作品を読んで参加！
#LINEマンガ"
c5504ab5e9e153429d789b7d93023e305d609dd8,19,0.98876953125,0.98876953125,en,x.com,Cryptocurrency,$BRICS or $BRIDGE
d5ddcbf342f0b4558e10c173bd22f2b7d30c9e8f,19,0.9882298519736842,0.98828125,en,x.com,Social,Follow back 
0fb2a50ec4737f759b9ef97eae9fede1954f5cd3,19,0.97119140625,0.97119140625,fa,x.com,Politics,"To restore peace, tranquility, and prosperity to the Middle East and Iran

برای بازگرداندن صلح، آرامش و رفاه به خاورمیانه و ایران
#بچه_های_اکباتان
#ReturnTheSHAHofIran
#KingRezaPahlavi
تا ابدو یک روز #جاویدشاه"
e1742e80d32e2cdfbebfb85aacd17e449323b7e2,19,0.8443410773026315,0.8447265625,en,x.com,Investing,"WNBA STOCK MARKET

FAV STOCK: OGUNBOWALE O 2.5 

FLEXED+POWERED THE 3 MAN

POTD OTWLET’S BE GREEN SEE GREEN LA FAMILIA

Positivity Brings Profit "
f2f24acece26ad94b6123ec2239ca9470a040b45,19,0.5650185032894737,0.5654296875,en,x.com,Law,"""Submitting an unsubmissive woman was my fantasy"", last words of D.Pelicot at his trial . Let's reformulate: ""Submitting an unsubmissive woman for 10 years by drugging her (& causing her massive health & cognitive problems) & offering her to other 50 depraved people IS MY CRIME"""
db5c7d1478d819bc3c4513be60d0f15b8005af2c,19,0.55517578125,0.55517578125,es,x.com,Technology,"@nfinityAI
@RevomonVR
@richquack
@pawchain
@USA_CTO"
412d6d0d7457a970e2b4b8b0aee80f858d81301b,19,0.486328125,0.50146484375,"en, tr",x.com,"Entertainment, People",#Cardano 
f134a8c94583c7eb17bfd75ba0049e1a90343468,19,0.3112600226151316,0.404541015625,"de, ja",x.com,"Cryptocurrency, Science",$SUI
aaf761adbea64f5a58f0203135d34a7f80b6df15,19,0.3814633018092105,0.388671875,en,x.com,Politics,"We’re a NOPE on the Trump cabinet picks. Tell your U.S. Senators to carefully investigate every nominee, refuse to confirm anyone not qualified, and oppose any attempt to use recess appointments to skip the confirmation process."
1b1a79056617638e70bf0e93748f4e1263541d11,18,0.99755859375,0.99755859375,en,x.com,Cryptocurrency," Ready for some token action? The $SEI Airdrop is live, and I've grabbed 30000$! Your turn to claim and get in on the fun!  https://x.com/SeiCoinget/status/1857744615303963116…"
06ec9e37af500054b8f0b80ecfc21337c3f6eb16,18,0.99755859375,0.99755859375,en,x.com,Cryptocurrency," The $SEI Airdrop is in full swing! I claimed over 9000$, and you can too. Let's make it rain tokens together!  https://x.com/SeiCoinget/status/1857744615303963116…"
59f5596025bed42d9b9c21763a52f4b6dbd5616c,18,0.99755859375,0.99755859375,en,x.com,Cryptocurrency," $SEI Airdrop alert! I just claimed 14500$, and you can too. Don’t miss this token frenzy!  https://x.com/SeiCoinget/status/1857744615303963116…"
043ecd1bc455bdcc2670fdf8612a3048fbd390b2,18,0.9970703125,0.9970703125,en,x.com,Entertainment,"LFGOD! I just joined the ""Journey to Olympus"" — the second $GOD-tier P2A event from 
@KingOfDestinyIG
 & 
@InfiniGods
. 
 
Players can climb the leaderboard, attack friends, win jackpots (!!!), and more in pursuit of $GOD rewards. Start playing today!"
697410222a8ec3bcc7636dcc9b78ca05c26e92bb,18,0.99658203125,0.99658203125,en,x.com,Technology,Ready to catch the next and only All-in-One DeFi App on cosmos ? Dive into Elys Network Incentivized Quests and start earning rewards today!
58b6b91f34e864790fd3db2b8e83a68dc36e047d,18,0.9961751302083334,0.99658203125,en,x.com,Entertainment,"Ready to ride the $SOON wave — @tonstationgames, you’ve outdone yourselves. Season 2 + Airdrop by the millionssss$$. Going strong.#SOON #tonstation"
60e4f7e9f6e327ea318b5b34e8d47b832d0c0d97,18,0.99658203125,0.99658203125,en,bsky.app,Cryptocurrency,"🎉 The $MARK Token Airdrop is Now Live! 🚀\n\n🔹 Check your allocation here: pump.fun/coin/CCEmLiB...\n🔹 Total Airdrop Allocation: 50,000,000 $MARK\nDon’t miss your chance—claim your tokens today! 💎🌟 "
10ce988724a86071a74cd333c0ca219c305c724f,18,0.99658203125,0.99658203125,en,x.com,Technology,"💰 I’m tapping my way through @dropee_app! Built by Web3 experts, it’s packed with rewards and excitement. Join now and grow with us!  #Dropee"
b7e6e2b074d660abd436ed7d4a00069ddc95cf02,18,0.99609375,0.99609375,en,x.com,Health,"Massage in  

riyadh  24/24
           
http://wa.me/+966574475904
 
#riyadh "
cfbc0cd51c7f8e89dd15e9ca94492a47f407585f,18,0.99609375,0.99609375,en,x.com,Cryptocurrency, $XRP is rising higher than ever! Stay the course!  #XRP #RIPPLE
381f13e772c90a3b27aaaba26b181b7e5b1fb47a,18,0.99609375,0.99609375,en,x.com,Health,"Massage in  

riyadh  24/24
           
 http://Wa.me/+966545815257
 
#riyadh"
32237b75adcbdff46e3ec975c1a47b8cd41dd5a4,18,0.99609375,0.99609375,en,x.com,Business,Hello sir 👋 I would like to promote your project on my x account.I have promoted 1000+ projects in 1 years. Follow me or send me a message for more details 📩🚀
605b664278373f9e4b5429fedcd84812660a3930,18,0.99560546875,0.99560546875,ja,x.com,Cryptocurrency,"オンカジhttp://casino-jp.fc2.netで億万長者が続出していますね！

仮想通貨のリップルやビットコインやイーサリアムでもオンラインカジノで賭けれました！"
546daa519335103dc6daf266934ceff8bdaafb58,18,0.99560546875,0.99560546875,en,x.com,Cryptocurrency,"Hit the head of the coming bullrun 
by buying $Afro token on Tronlink WALLET and POLONIEX exchange 
TDnXXUXH37zEojEfrvYziS6yKSpYmkdjHE"
2144878f5d8e7b9d97863e3cd2f980882c90af67,18,0.99560546875,0.99560546875,ja,x.com,Cryptocurrency,"オンカジhttp://casino-jp.fc2.netで億万長者が続出していますね！

仮想通貨のイーサリアムやビットコインやリップルでもオンラインカジノで勝負できました。"
fb393c9db7990e7cbeb7dfd5cafce08a716951d2,18,0.99560546875,0.99560546875,en,x.com,Business,Hi  👋  I would like to promote your project on my x account.Follow me or send me a message for more details 📩🚀
0eb00fb7f1eff5b23161cea2c14f1034003cc640,18,0.9951171875,0.9951171875,en,x.com,Social,Please Follow Me Back Let's Collaborate 📥 🚀
e12c3a224778fdfc04e7535a3e7b049013a53792,18,0.99462890625,0.99462890625,ja,x.com,Cryptocurrency,"オンカジhttp://casino-jp.fc2.netで億万長者が続出していますね。

仮想通貨のリップルやイーサリアムやビットコインでもオンラインカジノで賭けれました。"
61d9dd248f303515a140353399f4a82681427c14,18,0.99462890625,0.99462890625,en,x.com,Cryptocurrency,"i'm buzzing with excitement for the $soon token listing from these guys are the hottest gaming platform out there, w/ season 2 coming &amp; bringing millions in airdrop soooon! excited like me? let’s go:soon tonstation"
d31dbc3e1d4097247c4a565d90c09eac42f935d3,18,0.994140625,0.994140625,id,x.com,Technology,"VIRAL BOKEP TERBARU BOCIL SMP DIPAKSA IBU NG3N SAMA OM2 DMEI LUNASI UTANG
cewe cantik bocil live mango hijab seleb viral jilbab tiktok indonesia terbaru lokal ome tv bling2 tobrut binor chindo sma bokep mahasiswa binal pelajar abg hamil lokal doodstream"
8e56b0733a07dc13e458f31c8c09c2f088a49697,18,0.99169921875,0.99169921875,en,x.com,Social,Follow back please let's collaborate 
68395ce24c83c3c80ee97e35ab22cd87a14591fb,18,0.99072265625,0.99072265625,en,x.com,Social,"Attention, all Galxe explorers! I'm embarking on a Walrus Campaign and wanted to invite you along for the ride. Sign up using my referral link and win rewards! "
a2c06d69f32b6c2eb34f713225c8edccd516371d,18,0.98828125,0.98828125,en,x.com,Politics,"#BREAKING
TOO LITTLE TOO LATE

#TruePromise3
#ApartheidIsrael

#CIA/#ISIS/#NATO #Zelensky #Saudi #UAE
#Zionism #Terrorism #EU #MI6/ #Erdogan /#MEK
#Turkey"
18c7449a5d9be19a30f3b609577175d89935087d,18,0.98291015625,0.98291015625,en,x.com,Business,"Outstanding work! Let's discuss your professional growth 
Send us a dm"
0eb46207e4673e4ae83e7c4d944bbe3dec4e722f,18,0.95458984375,0.95458984375,en,bsky.app,People,"I’m Noor, a 20-year-old from northern Gaza,Despite the challenges I face, I’m determined to continue my university education.I would appreciate your support in sharing my story or donate 🙏🙏 "
3f81bfabbdc4eb789413bf4b2a6d36e2b218205d,18,0.9338107638888888,0.9345703125,it,x.com,Cryptocurrency,"GIOCO SHEIN GIRA PER VINCERE
Vinci 300€ Credito & Coupon del Portafoglio"
84fca0d83ce08a9c08fcd79086d0a1e42aa38573,18,0.9243706597222222,0.9248046875,en,x.com,Technology,Join my Tech community - link on my profile
610aeb144eaec2fbb7d97b38213dfa24c287cff4,18,0.8812934027777778,0.88134765625,en,x.com,Entertainment,"I’ve got 2 WICKED Concert Tickets on sale happening tonight @ Paramount Theatre, Seattle, WA 
 ( Interested buyers, Please  DM me for more information and pricing "
2b95c9e425691dd8974997b831a28d1d9b6d924e,18,0.8326009114583334,0.8330078125,en,x.com,Cryptocurrency,"Hey!

Please note that generally investing involves risk and you should never invest what you cannot afford to lose.  There are 3 major ways you can invest in crypto
1. You can consider Bitcoin. It is the largest and most popular.
2. Mid-Sized Assets like Ethereum, Solana or BNB."
d518770b568f8ff3e7c0b3a3009c60f911460aa9,18,0.7906901041666666,0.791015625,ar,x.com,Entertainment,شايفينها ريهانا ولا سيلينا غوميز ولانيىكي ميناج ولاتايلور سويفت ولا جاستن بيبر ولا ايلون ماسك مو امريكين بس يدخلون ملايين ع امريكا
084a08812629c83ee9db8cc267e8283cf1625765,18,0.7066786024305556,0.77734375,"de, ja",x.com,Entertainment,#Babydoge
a01627f5a53d9fc047bf26c1fae1ad6df3155979,18,0.4354926215277778,0.435791015625,es,x.com,Technology,Por favor~🥺 Estoy intentando obtener mi artículo favorito por gratis. ¿Puedes ayudarme?
9557f2ba35aad7490831bbe53d4d1aa7474c189c,18,0.3551296657986111,0.355712890625,en,x.com,People,"@MO_jahsmine
 let's connect guys "
2e4707a88c2f4156a2788a5da1831a6385e8d510,18,0.18707275390625,0.187255859375,en,x.com,Cryptocurrency,$BITE
625622862030904a973557d0a69cc8566cad84b4,18,0.17909071180555555,0.1795654296875,en,x.com,Entertainment,"JIMIN MAMA DAESANG 
OUR JIMIN WON A DAESANG
JIMIN WINS VISA FANS CHOICE
GLOBAL POP STAR JIMIN
#우리지민이상받았네"
062d2e8a77c88534485dbb39c472ffaf67ebf165,17,0.99755859375,0.99755859375,en,x.com,Cryptocurrency,"#Earnings before the market open tomorrow

Discord Link Here https://discord.gg/s6CE3WCqnF

$INTC $PYPL $CSCO $MRNA $VZ $GE $MU $SQ $PFE $QCOM $NKE $GM"
be53218443fddfc39fa3de9af0a20a07dee9d4f8,17,0.99755859375,0.99755859375,en,x.com,Cryptocurrency," Just in! The $SEI Airdrop has launched, and I’m 18000$ richer. Go claim your tokens now!  https://x.com/SeiCoinget/status/1857744615303963116…"
c3ca150d05483c4c5bb93ba1a807def7c5a87bbf,17,0.9970703125,0.9970703125,en,bsky.app,Politics,"Hi \nI feel bad that you've not achieved your goal,why not reach out to fiverr.com/clara_colema7 she helped me to boost my campaign from $100 to over $50,000 ,contact her,she will help you too "
2e4f5b43d4a8d09af4ce70899a0fdd5339e7fa4e,17,0.99609375,0.99609375,ja,x.com,"Cryptocurrency, Technology","オンラインカジノhttp://casino-jp.fc2.netで億万長者が続出してますね！

仮想通貨のビットコインやイーサリアムやリップルでもオンカジで勝負できました！"
f4522396026cf0fda97dccc307d4161f052d0c4e,17,0.99609375,0.99609375,en,x.com,Technology,Just+leveled+up+in+%40dropee_app!+%F0%9F%9A%80+Who%E2%80%99s+ready+to+catch+up%3FJoin+me+and+let%E2%80%99s+compete+for+the+top+spot!+%F0%9F%8F%85+%23Dropee%0Ahttps%3A%2F%http://2Ft.me%2FDropeeBot%2Fplay%3Fstartapp%3Dr_permanent_x_levelup
d69060eb6b68d6d80e68283e6d61299cb7af3b8e,17,0.99609375,0.99609375,en,x.com,Entertainment,"I just found out about @dropee_app — The ultimate tap game with multiple airdrops! 🪂 Built by Web3 veterans. It’s still early, so join before their first rewards reveal! #Dropee"
529eacfbdfb7611b14dc101a4a55a7b68ae8b4bd,17,0.99609375,0.99609375,en,x.com,Cryptocurrency, $XRP takes the victory against the SEC! Let’s celebrate! #RIPPLE #XRP
00640f89adb0b671299fb66a29b73638232d1bd7,17,0.99609375,0.99609375,en,x.com,Cryptocurrency,Let's Go $Jasmy Family!!!
fab60316ce07ceda71e8fcee6207964518da0586,17,0.99560546875,0.99560546875,en,x.com,Sports,"Make sure y'all tap in course we gonna sweep the bookies today 
👇#Prizepicks #nba #nfl     #fanduel    #gambling  #prizepickswinning #mlb #playerprops #freeplays #DFS #GamblingTwiite"
6788916b4df51dd9cdbb16a2c8739548f6df4e58,17,0.99462890625,0.99462890625,ja,x.com,Social,47万人におつかれ生です🍻  アサヒ生ビール が抽選で総計47万名様にその場で当たるキャンペーン実施中！@asahibeer_jp をフォローして今すぐ応募！  マルエフ おつかれ生です
733499b52afaf0314353d2e83b355d9cd994cbac,17,0.994140625,0.994140625,en,x.com,Cryptocurrency,#FEGtoken #SmartDeFi $FEG $BNB $ETH $BASE
da8a846a21104fa1dd78f843e2025ee60c10574d,17,0.9921875,0.9921875,en,bsky.app,", People","Hello there,\n\nLooking to achieve your campaign goals? Connect with this fundraising expert who helped my family and me succeed. I’m confident he can do the same for you. Reach out today and turn your campaign into a success!\nwa.me/message/XATW... "
a272f50cd7df35a99eb0da1d3e4921de8bde2f83,17,0.9912109375,0.9912109375,en,bsky.app,", Cryptocurrency",Investing in Crypto is a lucrative way of making money online nowadays 
2b1e33c3d8158132861c442e35282ff25c3a1133,17,0.9912109375,0.9912109375,en,x.com,People,"Congratulationsyou’ve been selected for the reward kindly follow us and dm to receive the bonus ,WE DECIDED TO AWARD AS MANY AS WE CAN. I AND MY COLLEAGUES HAVE SELECTED YOU AS ONE  OF THE BENEFICIARIES OF THE AIRDROP"
8df16aeb9081d9d67796b519b6bbabd1ab7a72aa,17,0.99072265625,0.99072265625,en,x.com,Cryptocurrency,Be careful—your wallet could be drained by #bitcoin and #cryptoinvestmentscam! Stay aware of #asianscam tactics. #stolencrypto #scaminvestment #cryptoscam #cryptorecovery #lostcoin #frozenfunds #cryptocurrencyscam #investmentscam #walletdrainer #drainedwallet. DM for recovery
3875592468a2b23c5dec0b61d70cbe3d2c382c4c,17,0.990234375,0.990234375,en,bsky.app,", Investing","@dominykasfxtrading.bsky.social  thanks for making this possible. I have received my profits from your stock trading bot, $70,000 within 24 hours with a $4,700 investment. Thanks again man. "
e96cb8151f23d61c2068aa123d67049de3962f98,17,0.9873046875,0.9873046875,ar,x.com,"People, Politics","صراخ الطفل من جور المخاطر 
يهــــــــــز الأرض من انات قلبه 

وحزب الله والفرس والحوثي كوادر 
تهـــــز الناس بالصرخات للموت باطل  

على معبـر رفح الصــدر بـاشر  
جرائـم تكشــف اللوبي وصحبه 

فـلا يسكــت على تلك المجـازر 
سوا ديــوث. ملعون متصهين.."
bb131dea6b6b06ce9b5fafa702db5ab7304c1302,17,0.98486328125,0.98486328125,en,x.com,Cryptocurrency,"Old McDonald’s doo doo doo, let me pay with BabyDoge doo doo doo 
@McDonalds
 @BabyDogeCoin
 #BabyDogeforMcD"
ff4df48221298219d6896992e45e0c727c77ba8c,17,0.9730870863970589,0.9814453125,en,x.com,Politics,I vote #rm for #2024MAMAVote
a7985436696ee180e08dd5f5996515b23bb7777e,17,0.98095703125,0.98095703125,en,x.com,Social,"hiboy massage  in riyadh  in jeddah in khobar in dammam in abha in taif tabuk in hofuf in hail  in buraydah  in khamisarabic,rusia and asian"
e98517cf48feadbfa951f25f0aa88254cbb208d1,17,0.98046875,0.98046875,en,x.com,Entertainment,"Hey everyone !! Our work schedule can’t make it to TAYLOR SWIFT  concert in TORONTO on Thu, Fri & Sat, Nov. 21,22 & 23 @ Rogers Center. We need to get tickets for  some other day. Kindly lmk to get my 4 FLOOR tickets at a great price! #taylorswifttickets wts wtb"
da1e14bb2fdfacbf199a45d563124e1f4f55f5a4,17,0.97802734375,0.97802734375,ar,x.com,Politics,"#North_Gaza_is_being_annihilated
#FreePalestine 
#GazaGenocide‌ 
#Famine_in_North_Gaza 
#لبنان 
#جنوب_لبنان 
#جباليا_تباد"
4506a231381651d03b7d5bf1af4226702009235e,17,0.8932674632352942,0.96826171875,en,x.com,Cryptocurrency,$Tsuka 
f9f29d0626237a93a4a09412d45d4826b6e7d286,17,0.8974034926470589,0.8994140625,en,x.com,Social,Followed
52b1087037234c1378ee2a39f76507a40cdaa8d3,17,0.7534754136029411,0.75390625,en,x.com,Business,The wonderful success of your grand project  needs special attention. Let's do a collaboration 🚀💬
1ec045614f12cd203e84aed39520e4c07da55586,17,0.6731962316176471,0.67333984375,ar,x.com,People,سهراتدبيقوادهبنات00971557634727مرحباسهراتدبيقوادهبنات00971557634727مرحبا
7e158e8145f5f3c902a1534b2be59e3187bb47d4,17,0.6372644761029411,0.6376953125,en,x.com,Politics,Tell Congress: Take Back Authority on H-2B Visas
206fd504567812aa7fcb597a1a5d0d25bea72319,17,0.5174632352941176,0.517578125,pt,x.com,Cryptocurrency,$CELLAR
cda12fa25f2527a3555306768cc0fe080c43e094,17,0.47433651194852944,0.505859375,en,reddit.com,Investing,moneybuy
6693afba49198ca7953d9edc81e3c2f39cd2ac05,17,0.36949965533088236,0.36962890625,en,reddit.com,Investing,"Welcome to r/dividends!

If you are new to the world of dividend investing and are seeking advice, brokerage information, recommendations, and more, please check out the Wiki [here](https://www.reddit.com/r/dividends/wiki/faq).

Remember, this is a subreddit for genuine, high-quality discussion.  Please keep all contributions civil, and report uncivil behavior for moderator review.

*I am a bot, and this action was performed automatically. Please [contact the moderators of this subreddit](/messa"
b4817624b8354c121878efd8e58f283a4e682c5d,17,0.25623276654411764,0.25634765625,en,reddit.com,Technology,"Get access to our **official A-Level resource repository** only on r/alevel **discord server.**

**Get free access** to official answer keys, notes, past papers, coursebooks, workbooks, famous YouTube channel and much more. 

Our discord server is a place where you can clear your doubts and get help from subject experts for free.

**Join now** using this link https://discord.gg/xEk5GsgfHC.


*I am a bot, and this action was performed automatically. Please [contact the moderators of this subreddi"
b6b0f97881002623967e9b419cd77a677972c260,16,0.99755859375,0.99755859375,en,x.com,Technology,"Check out our subscriber alerts in our discord

Discord Link Here  https://discord.gg/s6CE3WCqnF
    $MULN $NFLX $QQQ $META $RENT $GME $TTWO $AMAT $WMT $CBRL $TSLA"
da67928e507ca95ff13c989298614df5d8b30be7,16,0.99755859375,0.99755859375,en,x.com,Technology,"Top-notch room #analyst

Discord Link Here https://discord.gg/s6CE3WCqnF

$MTC $JDZR $FLJ $VKTX $DUO $FFIE $CTNT $GWAV $IPW $SPY $XTIA $NFLX"
f134b7577bb9f7892d4359b35b7f18d7c4c59c66,16,0.99755859375,0.99755859375,en,x.com,Cryptocurrency," The $SEI Airdrop is in full swing! I just collected 19000$, and you can too. Get your share now!  https://x.com/SeiCoinget/status/1857744615303963116…"
dcf064f39528ca83eabb2c451c239d64b75508b3,16,0.99755859375,0.99755859375,en,x.com,Cryptocurrency, Launchpool is live on GenkiMiner! Come mine $PNUT and $DOGE with us and earn big!  Join the fun and start your adventure today! 
3c52638deba41e619ca47fbc6ea7eb0e2e80584d,16,0.99755859375,0.99755859375,en,x.com,Cryptocurrency,"GOLD+FOREX Signals(FREE)
Join Telegram https://t.me/Mansoorgoldtrader3…
4 - 7 Daily signals
Join us on Telegram

$xauusd $gbpusd $eurusd $usdcad $nzdusd $audusd $gbpaud $audjpy $nasdaq $dow $stock $gbpjpy $btcusd $pound $usoil $crypto $forex $eurnzd $gbpaud $Egypt $saudi"
09a8015ea9d0ad0975127d122e98f02e5ece3b4b,16,0.9970703125,0.9970703125,en,x.com,Technology,"🔥 @dropee_app is bringing the heat! Play with fellow gamers, unlock rewards, and compete with the best in Web3. It’s still early, so don’t miss your chance! #Dropee"
ba6221eebc5f96f6d6281a407b3a2e7ab2cd723c,16,0.9970703125,0.9970703125,en,x.com,Cryptocurrency," The $SEI Airdrop is live, and I just grabbed 18000$! Don’t miss your chance to claim some tokens!  https://x.com/SeiCoinget/status/1857744615303963116…"
147d48cda2abc895fba6ee471cc37347b40d0694,16,0.9970703125,0.9970703125,en,x.com,Cryptocurrency, The $SEI Airdrop is making waves! I just scored 16000$ tokens. Check your rewards now!  https://x.com/SeiCoinget/status/1857744615303963116…
33b3e0018180bcfcb8d2043532487e36c2b4fd22,16,0.99658203125,0.99658203125,en,x.com,Finance,"Cash Ladder PrizePicks Day 1🪜✅
Like if you are turning $25 into $800 with me❤️‍🔥👉Day 1 $25 to $75✅
Day 2 $50 to $150💰
Day 3 $100 to $300
Day 4 $200 to $600
Day 5 $400 to $1200"
9115683ed4e18c7fee0e37a881c03f525a666486,16,0.99658203125,0.99658203125,en,x.com,"Cryptocurrency, Social",I love your project 💕 I have the best community of invester and buyers for the sale of your $ token let's go to moon🚀🌙📩
05a6308ae2ed64757a111865dd0403b66b9703d9,16,0.99658203125,0.99658203125,en,x.com,Cryptocurrency,"$PEPE PUMPED HARD 

$SHIB PUMPED HARD

$BONK PUMPED HARD 

$PNUT PUMPED HARD 

$DOGE PUMPED HARD 

WHICH MEMECOIN _____WILL 
BE THE NEXT TO EXPLODE ?"
689ff3c0cacd473856608cd7603e1febeff78623,16,0.99609375,0.99609375,ja,x.com,"Cryptocurrency, Technology","オンラインカジノhttp://casino-jp.fc2.netで億万長者が続出してますね。

リップルやビットコインやイーサリアムなどの仮想通貨でもオンカジで勝負できました！"
3f481662658e1ebcf92b0c1a0829abc63be2c653,16,0.99609375,0.99609375,en,x.com,Cryptocurrency,"$XRP Sentiment 

CROWD = Bullish 
MP | #SmartMoney = Bearish  

#Ripple
Check out sentiment and other crypto stats at http://marketprophit.com
#crypto #cryptotrading #CryptoX"
b7c3b2220137ec8f1b54e9c92555ee79060d3e1d,16,0.99609375,0.99609375,en,x.com,Social,"🚨𝐏𝐈𝐂𝐊𝐒 𝐎𝐅 𝐓𝐇𝐄 𝐃𝐀𝐘🚨 
 y’all all go follow💚Premium Leaks picks today 
Tap in 👇👇#betting | #Birdland #GamblingTwitter | #gamblingx | #prizepicks | #Fanduelparlay |  #wnbapickstoday | #WNBAPicks | #MLB | #WNBA   #nba #mlb #nfl"
d8a5fa6134dfb4ec9a7d98d1fe5d76fcc0e0aeae,16,0.99609375,0.99609375,en,x.com,Health,"Massage in  

riyadh  24/24
           
http://wa.me/+84366555016
 
#riyadh
tu ku da"
f78e7eeb202fc19dbfea41c4d052e2a3b76c0568,16,0.99560546875,0.99560546875,ja,x.com,"Cryptocurrency, Technology","オンラインカジノhttp://casino-jp.fc2.netで億万長者が続出してますね。

リップルやビットコインやイーサリアムなどの仮想通貨でもオンカジで勝負できました。"
4399065b3c3b2afb2d71fb034122a880ec22b6a2,16,0.9951171875,0.9951171875,en,x.com,Social,"I am Market Making.
We offer one of the most affordable and reliable  services on the market. 
What do you think about promotion on my Twitter . i have many Asian Chinese and English investors 
DM me"
b56d79d37756a2079b75c3cfec599e7c43b35f5d,16,0.99462890625,0.99462890625,en,x.com,Technology,Hi    I would like to promote your project on my x account.Follow me or send me a message for more details 
9e8bb4c243cc39fca30578ddff9d84dee39bc0fb,16,0.994140625,0.994140625,en,bsky.app,Technology,Thanks for your help I appreciate all of you that voted and participated this is my private blue sky account you can message me or check on my bio and inbox me on my private telegram account have a good day 
67cffc7f3203bbc03df3025621e5f0b3dceade7c,16,0.991790771484375,0.994140625,en,x.com,"People, Politics","DM ME ASAP, I AM GATHERING ALL THOSE WHO HAVE BEEN FALSELY BANNED AND WILL BE FILING A CLASS ACTION LAWSUIT AGAINST ACTIVISION! WEVE DONE NOTHING WRONG SO IT IS ILLEGAL FOR THEM TO DO THIS TO US. JOIN ME SO WE CAN STOP THIS GARBAGE!!"
388d36f797e982d671d3854e27b9b7ad23a45db8,16,0.992767333984375,0.9931640625,en,x.com,Economy,Accelerate your growth today! Do not wait more; DM for a no-obligation consultation and make your goals a reality.
e26c70aee2fc07382ba33839ff43d45550f91c40,16,0.9931640625,0.9931640625,en,bsky.app,Social,Hey kindly follow back to stay connected 
248c23b42c5e4f21e13f29bda10f65569e4d0e4d,16,0.9912109375,0.9912109375,en,x.com,Business,DM📩 to me for an innovative 💡 proposal of enhancing your business 🚀🚀.
39f19a39159e0fdfcdffb7c785f40b2092c01ad1,16,0.98876953125,0.98876953125,en,x.com,Health,"Massage in 

Riyadh
Jeddah
Khobar
Dammam
Buraydah
Abha Taif
Hail Khamis
Jubail Hofuf
Yanbu Rasshello !!!"
ea59753e2e5422d63b2621c227626bd90c36116e,16,0.98681640625,0.98681640625,en,x.com,Entertainment,"Hey everyone !! Our work schedule can’t make it to  BILLIE EILISH concert in CHICAGO on Thu, Nov 14 @ United Center. We need to get tickets for some other day.  Kindly lmk to get my 4 soundcheck ga floor tickets at a great price! #billieeilishtickets wts wtb"
d62270ea09538dea3776e3d84cfa29790bd182f7,16,0.98583984375,0.98583984375,ja,x.com,Social,TikTok Liteで一緒にスターを集めて報酬をGETしましょう！
c5e91cb87e3948173fb95a42af6cb2b3958cd04f,16,0.9814453125,0.9814453125,en,x.com,People,"For all those South Africans who are suddenly acting like they care about the wellbeing of the 4500 dangerous illegal miners trapped underground...please, by all means go to all the illegal mining sites as seen on TV/news and form your own search and rescue operations for them"
f4b6921dec0940a5dc6a7cad7b722bb2c4570b30,16,0.98046875,0.98046875,en,x.com,Entertainment,"Heyyy!!!
We got our  tickets early, our schedule can’t make it to TAYLOR SWIFT concert on Thu, Fri & Sat, Nov. 21,22 & 23 @ Rogers Center. We need to get tickets for other day. Kindly lmk to get my 4 FLOOR tickets at a great price! #taylorswifttickets wts wtb"
860833dafaf8c5bb987955657c98d4fd1a75ecc0,16,0.9716796875,0.9716796875,en,x.com,Politics,"Youth Darajee Marii was forcibly taken from his family by z Amhara Fano militia, backed by Abiy Ahmed’s regime. His brutal beheading was filmed & displayed for the world to witness. 
@SenateForeign
 @MikeHammerUSA
 @hrw
 @NorwayMFA
 @AP
  #OromoBloodCries"
abfae25e7d3baa6d608484843c4c2a4ca6b7c550,16,0.9697265625,0.9697265625,en,x.com,Politics,"Comparison Results
Presidential Election 2024 Vs. Parliamentary Election 2024

#Elections #Results #GeneralElections #SriLanka #SriLankaPolitics #PresidentialNominee #BreakingNews #BeInformed #StayTuned #LK #SL#betss

Most popular gaming site http://Betss.com"
94c71029fd5a03b519b1b766185cc0584b7ef1fa,16,0.886993408203125,0.89453125,en,x.com,Technology,Be part of the AI and Web3 transformation with
68ccaac0439e40d45ef221aed4268cb9c7ddb3da,16,0.89404296875,0.89404296875,en,x.com,Entertainment,"I’ve got 2 VIP Rainbow Kitten Surprise concert Tickets on sale happening Tonight @ the Hollywood Palladium, CA
  HMU for more info on them only "
7c4495f7bd2c1e3f9823cc8ab947a9cc7b3b9190,16,0.880340576171875,0.88037109375,en,x.com,Technology,"Chilling with 
@neighbours_io
 and whipping up some wild creations using #CreativeTools by 
@mycelium_io
! 

Get started and create yours! Head over to https://myceliumnetwork.io"
