url,language,rows,mean_manipulative_score,manipulative_rate,review_rate,manipulative_count,review_count
www.aajtak.in,hi,57,0.7623492123787863,0.8596491228070176,0.0,49,0
www.tradingview.com,en,387,0.7492238224630824,0.8397932816537468,0.04392764857881137,325,17
vive.im,en,65,0.7463005652794471,0.8307692307692308,0.03076923076923077,54,2
cysec.social,en,25,0.7254217529296875,0.84,0.08,21,2
www.chip.de,de,27,0.6936730278862847,0.9259259259259259,0.037037037037037035,25,1
lankanewsweb.net,en,20,0.681591796875,1.0,0.0,20,0
www.ledauphine.com,fr,212,0.6393083716338536,0.7783018867924528,0.06132075471698113,165,13
x.com,ar,68104,0.6017713903414578,0.6198020674262892,0.030468107600140962,42211,2075
climatejustice.social,en,31,0.5760292545441659,0.7741935483870968,0.0,24,0
boards.4channel.org,ja,27,0.5148525944462529,0.5925925925925926,0.037037037037037035,16,1
kr.investing.com,en,76,0.5113198129754317,0.631578947368421,0.11842105263157894,48,9
www.leprogres.fr,fr,75,0.4794573593139648,0.5866666666666667,0.02666666666666667,44,2
www.youtube.com,hi,201,0.46494429858762826,0.5671641791044776,0.0845771144278607,114,17
mastodonapp.uk,en,32,0.4591737985610962,0.53125,0.09375,17,3
bitcointalk.org,en,132,0.45356121930209076,0.5757575757575758,0.05303030303030303,76,7
mastodon.online,en,86,0.44583988189697266,0.5697674418604651,0.12790697674418605,49,11
boards.4channel.org,ro,32,0.4191211462020874,0.53125,0.09375,17,3
twitchy.com,en,25,0.41895118713378904,0.56,0.12,14,3
www.youtube.com,ur,110,0.41875145652077417,0.6454545454545455,0.16363636363636364,71,18
www.youtube.com,mr,45,0.40988116794162327,0.6,0.06666666666666667,27,3
www.bienpublic.com,fr,26,0.3848362702589769,0.46153846153846156,0.0,12,0
mastodon.social,en,929,0.35725473048740874,0.4703982777179763,0.11302475780409042,437,105
x.com,th,1650,0.35414115616769504,0.3981818181818182,0.04666666666666667,657,77
www.youtube.com,hr,80,0.34338786602020266,0.4125,0.075,33,6
www.youtube.com,bn,300,0.34330761591593423,0.4166666666666667,0.08,125,24
x.com,ko,2546,0.34008052792964916,0.3684210526315789,0.03260015710919089,938,83
www.youtube.com,fa,960,0.3351310829321543,0.415625,0.096875,399,93
channels.im,en,40,0.3285225868225098,0.425,0.25,17,10
fed.brid.gy,en,30,0.32807420094807943,0.4,0.1,12,3
x.com,zh,17507,0.3195888979373548,0.37253669960587193,0.06426001028160165,6522,1125
x.com,kn,64,0.314947172999382,0.390625,0.0625,25,4
www.youtube.com,en,109866,0.31104257541535874,0.38233848506362295,0.06869277119399997,42006,7547
www.youtube.com,ta,58,0.3096026716561153,0.41379310344827586,0.08620689655172414,24,5
pubeurope.com,en,112,0.30355916704450336,0.4642857142857143,0.16964285714285715,52,19
mstdn.social,en,134,0.2969836334684002,0.40298507462686567,0.08955223880597014,54,12
mas.to,en,41,0.2969704604730373,0.3902439024390244,0.024390243902439025,16,1
www.foxsports.com.au,en,22,0.2926644411954013,0.5454545454545454,0.09090909090909091,12,2
mastodon.social,it,21,0.2917267935616629,0.42857142857142855,0.19047619047619047,9,4
x.com,ml,57,0.29113227442691203,0.3157894736842105,0.05263157894736842,18,3
x.com,am,28,0.29061222076416016,0.39285714285714285,0.10714285714285714,11,3
x.com,hi,8627,0.28894500548916674,0.37799930450909935,0.09041381708589312,3261,780
mastodon.social,fr,23,0.28480198072350543,0.391304347826087,0.17391304347826086,9,4
bsky.app,ur,84,0.281661624000186,0.35714285714285715,0.13095238095238096,30,11
www.youtube.com,am,87,0.2814231302546359,0.41379310344827586,0.05747126436781609,36,5
www.youtube.com,tr,1456,0.2796981033388075,0.31387362637362637,0.06799450549450549,457,99
x.com,mr,303,0.27363065524463215,0.37623762376237624,0.09570957095709572,114,29
x.com,si,68,0.26468250330756693,0.3088235294117647,0.029411764705882353,21,2
www.jpost.com,en,26,0.26375667865459734,0.38461538461538464,0.11538461538461539,10,3
infosec.exchange,en,69,0.2621556986933169,0.4057971014492754,0.028985507246376812,28,2
www.youtube.com,nl,164,0.2565686004917796,0.32926829268292684,0.07317073170731707,54,12
www.youtube.com,az,57,0.25274845591762607,0.38596491228070173,0.10526315789473684,22,6
arabi.social,ar,51,0.24459988463158702,0.5098039215686274,0.3137254901960784,26,16
www.youtube.com,de,3719,0.24162808859595114,0.30492067760150576,0.07152460338800753,1134,266
www.youtube.com,zh,1260,0.23439290864127024,0.2968253968253968,0.07777777777777778,374,98
www.youtube.com,id,334,0.23418236920933524,0.3023952095808383,0.09580838323353294,101,32
www.youtube.com,uk,751,0.23338389745882443,0.303595206391478,0.08788282290279627,228,66
x.com,bn,1025,0.23140796010087175,0.2995121951219512,0.08,307,82
www.youtube.com,ko,458,0.2284904005225569,0.27074235807860264,0.056768558951965066,124,26
x.com,en,2060807,0.22780783498750032,0.27308088530366986,0.050770887327149024,562767,104629
x.com,ur,2680,0.22686430020118828,0.2996268656716418,0.09850746268656717,803,264
wakoka.com,ja,84,0.22533889043898808,0.36904761904761907,0.15476190476190477,31,13
mastodon.world,en,82,0.22417424364787777,0.2926829268292683,0.0975609756097561,24,8
mstdn.ca,en,23,0.22336113971212637,0.2608695652173913,0.08695652173913043,6,2
www.youtube.com,sr,193,0.2193503602181074,0.29533678756476683,0.10362694300518134,57,20
lemmy.today,en,23,0.21774254674496857,0.30434782608695654,0.043478260869565216,7,1
www.youtube.com,ar,5091,0.21644652678909856,0.27381653899037517,0.0923197800039285,1394,470
masto.ai,en,122,0.21375091740342436,0.32786885245901637,0.13114754098360656,40,16
techhub.social,en,34,0.21370217379401713,0.23529411764705882,0.14705882352941177,8,5
x.com,sd,55,0.21369434703480114,0.23636363636363636,0.01818181818181818,13,1
x.com,nl,7819,0.21301428639594513,0.2724133520910602,0.06995779511446476,2130,547
www.youtube.com,sq,99,0.21274917294280699,0.2828282828282828,0.10101010101010101,28,10
www.youtube.com,he,20,0.21157503128051758,0.35,0.15,7,3
www.youtube.com,tl,204,0.21024676865222408,0.27450980392156865,0.10294117647058823,56,21
mastodon.art,en,28,0.21024485996791295,0.2857142857142857,0.21428571428571427,8,6
www.youtube.com,ru,8705,0.2071169029906315,0.26318207926479037,0.07616312464101091,2291,663
x.com,tt,34,0.20274818644804113,0.14705882352941177,0.6176470588235294,5,21
universeodon.com,en,21,0.20200538635253906,0.2857142857142857,0.19047619047619047,6,4
www.israelnationalnews.com,en,39,0.19792825747758913,0.28205128205128205,0.15384615384615385,11,6
www.youtube.com,sl,26,0.19768399458665115,0.23076923076923078,0.11538461538461539,6,3
x.com,fa,13463,0.19720284166515276,0.2378370348362178,0.05533684914209314,3202,745
www.youtube.com,pt,4165,0.19643871838591392,0.24897959183673468,0.06818727490996399,1037,284
x.com,ja,106948,0.1927440211059277,0.2223136477540487,0.039243370610016086,23776,4197
www.youtube.com,fr,5427,0.19178631267473803,0.2546526626128616,0.07997051778146305,1382,434
www.youtube.com,es,12047,0.18805655600312757,0.2372374865111646,0.0664895824686644,2858,801
www.channel4.com,en,26,0.18389599139873797,0.23076923076923078,0.11538461538461539,6,3
x.com,el,1403,0.1838832272008242,0.23378474697077692,0.09978617248752673,328,140
boards.4channel.org,en,22960,0.1834864070606564,0.24063588850174217,0.059233449477351915,5525,1360
mastodon.social,es,67,0.1831915271815969,0.29850746268656714,0.07462686567164178,20,5
piaille.fr,fr,30,0.18052250544230145,0.23333333333333334,0.13333333333333333,7,4
boards.4channel.org,sv,100,0.17746654510498047,0.27,0.05,27,5
x.com,no,822,0.1766464774045921,0.24087591240875914,0.06934306569343066,198,57
www.washingtontimes.com,en,32,0.17597824335098267,0.28125,0.03125,9,1
www.jeuxvideo.com,fr,6807,0.1752742264648007,0.23563978257675922,0.07198472161010724,1604,490
www.youtube.com,vi,298,0.17431161867692166,0.23154362416107382,0.08053691275167785,69,24
boards.4channel.org,nl,102,0.17357422323787913,0.19607843137254902,0.06862745098039216,20,7
x.com,de,64622,0.17036843269612367,0.22585187706972856,0.06737643526972238,14595,4354
bsky.app,zh,1248,0.16952905364525625,0.23237179487179488,0.07772435897435898,290,97
x.com,sl,612,0.16758672552171097,0.23366013071895425,0.05228758169934641,143,32
lemmy.blahaj.zone,en,71,0.16678626100781938,0.2112676056338028,0.056338028169014086,15,4
x.com,ku,89,0.16649466953920514,0.20224719101123595,0.0898876404494382,18,8
mastodon.cloud,pt,56,0.16473007202148438,0.19642857142857142,0.08928571428571429,11,5
boards.4channel.org,pt,90,0.16429981655544704,0.2222222222222222,0.06666666666666667,20,6
www.youtube.com,th,424,0.1626202182949714,0.18396226415094338,0.04245283018867924,78,18
lemmy.ml,en,56,0.16231683322361537,0.21428571428571427,0.07142857142857142,12,4
x.com,he,2603,0.162097252747942,0.21436803688052247,0.07184018440261238,558,187
mastodon.social,tr,44,0.16179899735884232,0.22727272727272727,0.13636363636363635,10,6
mastodon.nl,nl,38,0.16161486977025083,0.21052631578947367,0.07894736842105263,8,3
x.com,da,1564,0.16066235044728155,0.22442455242966752,0.06649616368286446,351,104
boards.4channel.org,fr,49,0.1589500855426399,0.20408163265306123,0.061224489795918366,10,3
mas.corq.co,ru,25,0.15849700927734375,0.2,0.08,5,2
x.com,kk,31,0.15708129636703,0.1935483870967742,0.0,6,0
boards.4channel.org,hu,21,0.15691802615211123,0.23809523809523808,0.09523809523809523,5,2
x.com,cs,1958,0.15532149138562648,0.2093973442288049,0.06894790602655772,410,135
mastodon.crazynewworld.net,ja,24,0.15385166803995767,0.25,0.08333333333333333,6,2
boards.4channel.org,de,150,0.1531024487813314,0.22666666666666666,0.05333333333333334,34,8
www.winnipegfreepress.com,en,145,0.14920374113937904,0.1793103448275862,0.12413793103448276,26,18
x.com,sv,4926,0.1490822186859168,0.19691433211530654,0.05704425497360942,970,281
x.com,fr,111560,0.1474912249516227,0.19362674793832915,0.05687522409465758,21601,6345
www.kurir.rs,sr,76,0.14693324189437063,0.21052631578947367,0.06578947368421052,16,5
www.benzinga.com,en,257,0.146743444153307,0.21011673151750973,0.05058365758754864,54,13
x.com,eu,352,0.14194990017197348,0.19602272727272727,0.07386363636363637,69,26
www.youtube.com,ms,55,0.14090836264870382,0.18181818181818182,0.07272727272727272,10,4
www.youtube.com,cs,72,0.14014005661010742,0.18055555555555555,0.041666666666666664,13,3
www.times-news.com,en,45,0.13971722920735677,0.2222222222222222,0.06666666666666667,10,3
x.com,pl,8366,0.1392753268439548,0.18467606980635906,0.053669615108773605,1545,449
gendai.media,ja,29,0.13819806329135237,0.1724137931034483,0.06896551724137931,5,2
mastodon.social,pt,34,0.1374378765330595,0.20588235294117646,0.08823529411764706,7,3
www.prajavani.net,kn,52,0.1363226083608774,0.0,0.9807692307692307,0,51
thehill.com,en,54,0.13526796411584924,0.2222222222222222,0.24074074074074073,12,13
x.com,fi,2897,0.13472660171356043,0.17880566102865034,0.05488436313427684,518,159
x.com,is,33,0.13317798845695727,0.18181818181818182,0.030303030303030304,6,1
lemmy.ca,en,118,0.1328271526401326,0.16101694915254236,0.059322033898305086,19,7
www.buzzfeed.com,en,42,0.1326542127700079,0.16666666666666666,0.023809523809523808,7,1
x.com,ta,154,0.13236478706458946,0.17532467532467533,0.1038961038961039,27,16
lemmy.world,en,1486,0.13229046727895416,0.1816958277254374,0.06056527590847914,270,90
www.nytimes.com,en,72,0.13201892375946045,0.16666666666666666,0.06944444444444445,12,5
x.com,tr,60091,0.13107820452365587,0.16531593749479956,0.056797190927093906,9934,3413
www.youtube.com,pl,545,0.1308381649332309,0.1724770642201835,0.05688073394495413,94,31
t.me,fa,21,0.13077654157366073,0.14285714285714285,0.047619047619047616,3,1
www.legit.ng,en,23,0.13056920922320822,0.17391304347826086,0.13043478260869565,4,3
bsky.app,vi,49,0.12966222179179288,0.12244897959183673,0.0,6,0
www.huffingtonpost.es,es,34,0.12907706989961512,0.17647058823529413,0.0,6,0
x.com,ro,751,0.12856437236110316,0.16245006657789615,0.05059920106524634,122,38
x.com,hy,74,0.1277956318210911,0.20270270270270271,0.16216216216216217,15,12
slrpnk.net,en,50,0.12778497695922852,0.2,0.08,10,4
bsky.app,en,314214,0.12701424985288054,0.16365916222701726,0.048241007720852665,51424,15158
www.jeuxvideo.com,en,266,0.12522623592749574,0.18045112781954886,0.05639097744360902,48,15
x.com,bg,497,0.12517455693941482,0.1750503018108652,0.04627766599597585,87,23
x.com,so,46,0.12462367182192595,0.2391304347826087,0.1956521739130435,11,9
x.com,vi,1285,0.12434531482741062,0.13618677042801555,0.028793774319066146,175,37
www.chroniclelive.co.uk,en,25,0.12365325927734375,0.12,0.0,3,0
zaman.co.at,en,20,0.12312231063842774,0.15,0.05,3,1
www.spiegel.de,de,54,0.12124374177720812,0.2222222222222222,0.09259259259259259,12,5
www.merca20.com,es,26,0.12048079417302059,0.11538461538461539,0.0,3,0
x.com,te,46,0.12037434785262398,0.13043478260869565,0.06521739130434782,6,3
lemmings.world,en,20,0.1198267936706543,0.15,0.0,3,0
mastodon.social,de,83,0.11944681190582643,0.1566265060240964,0.060240963855421686,13,5
x.com,id,7360,0.11822251599767934,0.13410326086956523,0.03002717391304348,987,221
lemmy.dbzer0.com,en,86,0.11767766642016034,0.1511627906976744,0.046511627906976744,13,4
it.investing.com,it,87,0.11732129941041443,0.22988505747126436,0.14942528735632185,20,13
boards.4channel.org,no,37,0.11643566956391206,0.13513513513513514,0.0,5,0
www.youtube.com,ja,1585,0.11627529878345574,0.14511041009463724,0.04668769716088328,230,74
x.com,mn,48,0.11601877212524414,0.14583333333333334,0.10416666666666667,7,5
www.threads.net,en,3320,0.11582601127854313,0.1424698795180723,0.03975903614457831,473,132
airwaves.social,en,35,0.11531284877232142,0.08571428571428572,0.17142857142857143,3,6
www.faz.net,de,30,0.11525313059488933,0.2,0.06666666666666667,6,2
www.threads.net,pt,27,0.11455613595468027,0.1111111111111111,0.07407407407407407,3,2
x.com,be,39,0.11411146017221305,0.1282051282051282,0.02564102564102564,5,1
www.delcotimes.com,en,40,0.11310079097747802,0.175,0.025,7,1
www.khou.com,en,27,0.11282391018337673,0.14814814814814814,0.037037037037037035,4,1
www.investors.com,en,20,0.11276159286499024,0.1,0.0,2,0
seekingalpha.com,en,148,0.11165104041228423,0.14864864864864866,0.04054054054054054,22,6
bsky.app,sk,43,0.11149408650952716,0.11627906976744186,0.06976744186046512,5,3
hotnews.ro,ro,24,0.11134807268778484,0.20833333333333334,0.08333333333333333,5,2
x.com,hu,1606,0.11071721524705329,0.136986301369863,0.0448318804483188,220,72
fedia.io,en,53,0.11014538890910598,0.1509433962264151,0.03773584905660377,8,2
mastodon.cloud,en,34,0.10972269843606387,0.17647058823529413,0.11764705882352941,6,4
www.youtube.com,ro,198,0.1094939588296293,0.13636363636363635,0.06565656565656566,27,13
www.inn.co.il,he,45,0.10949278937445747,0.13333333333333333,0.044444444444444446,6,2
www.netwerk24.com,nl,25,0.1089093017578125,0.12,0.08,3,2
www.hindustantimes.com,en,47,0.1086110865816157,0.1276595744680851,0.06382978723404255,6,3
www.threads.net,zh,24,0.10826174418131511,0.125,0.0,3,0
www.newsitem.com,en,92,0.10782710365627123,0.10869565217391304,0.010869565217391304,10,1
www.thedailyreview.com,en,22,0.10709515484896573,0.18181818181818182,0.0,4,0
x.com,sr,1904,0.10703505688354749,0.14390756302521007,0.06197478991596639,274,118
www.youtube.com,ml,38,0.10688460500616777,0.18421052631578946,0.18421052631578946,7,7
x.com,ne,82,0.10582219100579983,0.15853658536585366,0.12195121951219512,13,10
reddit.com,vi,70,0.10555374962942941,0.1,0.04285714285714286,7,3
x.com,sk,541,0.1053663542883233,0.13493530499075784,0.04621072088724584,73,25
x.com,ca,3325,0.10345195569490132,0.13533834586466165,0.04661654135338346,450,155
x.com,ru,22312,0.10267213199590859,0.1323503047687343,0.04526712083183937,2953,1010
bsky.app,pt,13621,0.10239092672320156,0.12627560384700096,0.030467660230526394,1720,415
www.greeleytribune.com,en,32,0.10224777460098267,0.1875,0.125,6,4
www.threads.net,fr,105,0.10212084452311197,0.10476190476190476,0.02857142857142857,11,3
www.stiripesurse.ro,ro,79,0.10168959219244462,0.13924050632911392,0.05063291139240506,11,4
x.com,sw,1000,0.10158721351623536,0.132,0.067,132,67
x.com,ms,703,0.10137924123793883,0.10810810810810811,0.049786628733997154,76,35
www.yahoo.com,en,102,0.10127970751594095,0.13725490196078433,0.058823529411764705,14,6
www.cbssports.com,en,64,0.10100588202476501,0.125,0.03125,8,2
boards.4channel.org,it,50,0.10093975067138672,0.16,0.06,8,3
bsky.app,id,69,0.10013685364654099,0.17391304347826086,0.13043478260869565,12,9
www.youtube.com,mk,23,0.10011308089546535,0.13043478260869565,0.0,3,0
bsky.app,ja,6022,0.09930477835972892,0.11806708734639655,0.040850215875124544,711,246
midwest.social,en,30,0.09911956787109374,0.16666666666666666,0.13333333333333333,5,4
reddit.com,zh,344,0.09910317631654961,0.1308139534883721,0.05813953488372093,45,20
ph.investing.com,en,134,0.09879080928973298,0.11194029850746269,0.09701492537313433,15,13
www.focus.de,de,23,0.09752878935440727,0.13043478260869565,0.08695652173913043,3,2
sg.news.yahoo.com,en,22,0.09720204093239525,0.09090909090909091,0.0,2,0
kohajone.com,sq,33,0.09719062573982007,0.18181818181818182,0.06060606060606061,6,2
ca.investing.com,en,129,0.0968450058338254,0.12403100775193798,0.13178294573643412,16,17
www.youtube.com,it,1026,0.09646734345493725,0.11695906432748537,0.038011695906432746,120,39
x.com,hr,681,0.095725679887724,0.12041116005873716,0.06020558002936858,82,41
www.dnevnik.bg,bg,21,0.09521157400948661,0.14285714285714285,0.09523809523809523,3,2
x.com,lv,377,0.09496688336845419,0.1220159151193634,0.058355437665782495,46,22
mas.corq.co,uk,24,0.09462261199951172,0.08333333333333333,0.125,2,3
x.com,et,278,0.09427977637421313,0.11870503597122302,0.06474820143884892,33,18
www.almasryalyoum.com,ar,41,0.09408094824814214,0.12195121951219512,0.024390243902439025,5,1
www.tgcom24.mediaset.it,it,24,0.09307503700256348,0.20833333333333334,0.08333333333333333,5,2
www.youtube.com,hu,109,0.09272368894804509,0.11009174311926606,0.027522935779816515,12,3
x.com,ps,73,0.09257185949038153,0.0958904109589041,0.0136986301369863,7,1
thebrunswicknews.com,en,32,0.09236574172973633,0.09375,0.125,3,4
x.com,uk,4224,0.09201520862001361,0.11576704545454546,0.043087121212121215,489,182
www.investing.com,en,125,0.09114138793945313,0.12,0.088,15,11
www.almashhad-alyemeni.com,ar,34,0.09070559108958524,0.14705882352941177,0.058823529411764705,5,2
sputnikportal.rs,sr,48,0.09069844086964925,0.125,0.0,6,0
x.com,it,35835,0.08953915978303029,0.11603181247383842,0.047830333472861725,4158,1714
bsky.app,ko,52,0.08939293714670035,0.11538461538461539,0.038461538461538464,6,2
x.com,es,316780,0.0892499868342488,0.11439800492455332,0.04124629080118694,36239,13066
www.kxan.com,en,24,0.08910147349039714,0.125,0.0,3,0
www.ilgiornale.it,it,28,0.08903510229928153,0.17857142857142858,0.14285714285714285,5,4
www.threads.net,ja,133,0.08861206169415237,0.09774436090225563,0.045112781954887216,13,6
www.youtube.com,bg,59,0.08836468195511123,0.1016949152542373,0.05084745762711865,6,3
www.lacronicabadajoz.com,es,54,0.0882067150539822,0.12962962962962962,0.0,7,0
sh.itjust.works,en,274,0.0878254653763597,0.12408759124087591,0.040145985401459854,34,11
www.dailycamera.com,en,53,0.0873949482755841,0.09433962264150944,0.05660377358490566,5,3
bsky.app,el,90,0.08727242151896158,0.13333333333333333,0.15555555555555556,12,14
www.jungewelt.de,de,36,0.08704362975226508,0.08333333333333333,0.027777777777777776,3,1
bsky.app,uk,173,0.08673616640829626,0.09248554913294797,0.028901734104046242,16,5
www.barchart.com,en,38,0.086555982890882,0.15789473684210525,0.02631578947368421,6,1
www.youtube.com,sv,48,0.08646921316782634,0.10416666666666667,0.0,5,0
www.welt.de,de,30,0.08607584635416667,0.1,0.03333333333333333,3,1
bsky.app,nl,2294,0.08557297773951536,0.11464690496948561,0.04010462074978204,263,92
x.com,jv,70,0.08555946350097657,0.12857142857142856,0.02857142857142857,9,2
bsky.app,da,648,0.08512258088147198,0.11574074074074074,0.044753086419753084,75,29
boards.4channel.org,fi,133,0.08489476110702171,0.12030075187969924,0.022556390977443608,16,3
x.com,af,74,0.08437359010851062,0.10810810810810811,0.12162162162162163,8,9
forocoches.com,eo,20,0.08381867408752441,0.1,0.0,2,0
www.wivb.com,en,28,0.08333178928920201,0.10714285714285714,0.03571428571428571,3,1
tribunadepetropolis.com.br,pt,53,0.08306695830147222,0.11320754716981132,0.05660377358490566,6,3
sportsfeed.me,en,26,0.08301940331092247,0.11538461538461539,0.15384615384615385,3,4
www.usatoday.com,en,84,0.08261854307992118,0.13095238095238096,0.023809523809523808,11,2
www.gva.be,nl,26,0.08252708728496845,0.11538461538461539,0.07692307692307693,3,2
reddit.com,fa,26,0.08230297382061298,0.11538461538461539,0.0,3,0
mander.xyz,en,38,0.08225571481805098,0.10526315789473684,0.0,4,0
x.com,az,394,0.08216539373252597,0.09644670050761421,0.05583756345177665,38,22
www.bdtonline.com,en,37,0.08138728786159206,0.13513513513513514,0.0,5,0
www.threads.net,es,223,0.08131398427646791,0.08968609865470852,0.026905829596412557,20,6
reddthat.com,en,33,0.08127726930560487,0.09090909090909091,0.0,3,0
www.djournal.com,en,48,0.08112295468648274,0.10416666666666667,0.041666666666666664,5,2
in.investing.com,en,127,0.08065177136518824,0.09448818897637795,0.11023622047244094,12,14
x.com,oc,134,0.08041581111167793,0.08208955223880597,0.014925373134328358,11,2
lemm.ee,en,252,0.08039066148182702,0.10714285714285714,0.03571428571428571,27,9
bsky.app,de,8224,0.08003509404130484,0.10980058365758755,0.05070525291828794,903,417
kbin.melroy.org,en,25,0.07957271575927734,0.2,0.12,5,3
journalnow.com,en,26,0.07944737947904147,0.07692307692307693,0.0,2,0
www.cnet.com,en,62,0.07935885460146012,0.12903225806451613,0.016129032258064516,8,1
feddit.org,en,56,0.07934466430119105,0.10714285714285714,0.03571428571428571,6,2
feddit.nl,en,32,0.07804182171821594,0.09375,0.09375,3,3
reddit.com,sr,283,0.07786059295330788,0.09187279151943463,0.053003533568904596,26,15
dailycaller.com,en,23,0.07774552055027174,0.13043478260869565,0.043478260869565216,3,1
www.youtube.com,el,70,0.07759271349225726,0.12857142857142856,0.07142857142857142,9,5
bsky.app,tr,746,0.07741699525562112,0.08981233243967829,0.032171581769437,67,24
jp.investing.com,ja,98,0.07731585599938218,0.12244897959183673,0.061224489795918366,12,6
24.hu,hu,30,0.07691834767659506,0.1,0.03333333333333333,3,1
www.rawstory.com,en,23,0.07624236397121263,0.13043478260869565,0.043478260869565216,3,1
www.corrieredellosport.it,it,26,0.07616828038142277,0.15384615384615385,0.0,4,0
www.fox10phoenix.com,en,22,0.0760183334350586,0.13636363636363635,0.0,3,0
bsky.app,gl,181,0.07577179018305151,0.09944751381215469,0.027624309392265192,18,5
www.marketwatch.com,en,43,0.07559789613235829,0.046511627906976744,0.09302325581395349,2,4
ng.investing.com,en,119,0.07511126093503807,0.09243697478991597,0.14285714285714285,11,17
boards.4channel.org,pl,89,0.07506363043624363,0.10112359550561797,0.0449438202247191,9,4
www.tayyar.org,ar,54,0.0745027330186632,0.09259259259259259,0.0,5,0
bsky.app,sr,176,0.07441001046787608,0.09090909090909091,0.045454545454545456,16,8
x.com,bs,128,0.07427099347114563,0.09375,0.03125,12,4
za.investing.com,en,131,0.07410457116046934,0.08396946564885496,0.12213740458015267,11,16
x.com,nn,55,0.0737350810657848,0.07272727272727272,0.0,4,0
larepublica.pe,es,193,0.07367466644919599,0.07772020725388601,0.046632124352331605,15,9
bsky.app,hr,47,0.07359082648094664,0.10638297872340426,0.0851063829787234,5,4
www.pcmag.com,en,47,0.0735231358954247,0.0851063829787234,0.0425531914893617,4,2
www.washingtonpost.com,en,24,0.0728614330291748,0.125,0.0,3,0
thefacts.com,en,26,0.07253734882061298,0.07692307692307693,0.0,2,0
x.com,pt,207762,0.07251971393232345,0.09001646114303867,0.03082373099989411,18702,6404
www.youtube.com,sw,27,0.07246907552083333,0.07407407407407407,0.07407407407407407,2,2
www.deccanherald.com,en,97,0.07209476982195352,0.10309278350515463,0.07216494845360824,10,7
www.youtube.com,gl,47,0.07186487887768035,0.0851063829787234,0.0425531914893617,4,2
www.latestly.com,en,35,0.07084813799176898,0.11428571428571428,0.0,4,0
social.kyiv.dcomm.net.ua,uk,49,0.07081121327925702,0.061224489795918366,0.04081632653061224,3,2
www.novosti.rs,sr,78,0.07059889573317307,0.07692307692307693,0.01282051282051282,6,1
www.pennlive.com,en,53,0.07055883587531324,0.07547169811320754,0.0,4,0
reddit.com,bs,25,0.07009441375732423,0.08,0.0,2,0
bsky.app,eu,50,0.07002983093261719,0.1,0.02,5,1
fr.investing.com,fr,90,0.06980993482801649,0.07777777777777778,0.044444444444444446,7,4
www.skynews.com.au,en,26,0.06972892467792217,0.11538461538461539,0.038461538461538464,3,1
bsky.app,is,26,0.06971410604623648,0.07692307692307693,0.07692307692307693,2,2
x.com,cy,118,0.06964183257798016,0.07627118644067797,0.059322033898305086,9,7
de.investing.com,de,116,0.06953670238626414,0.10344827586206896,0.06896551724137931,12,8
news.ycombinator.com,en,3035,0.06947588284286675,0.09917627677100495,0.05502471169686985,301,167
discuss.tchncs.de,en,51,0.06942883659811581,0.11764705882352941,0.0196078431372549,6,1
x.com,sq,199,0.06920675536495956,0.09045226130653267,0.07537688442211055,18,15
forocoches.com,de,21,0.0687158675420852,0.14285714285714285,0.14285714285714285,3,3
www.caraotadigital.net,es,26,0.06850455357478215,0.11538461538461539,0.11538461538461539,3,3
www.dnews.gr,el,41,0.06827663793796446,0.0975609756097561,0.024390243902439025,4,1
www.cadillacnews.com,en,125,0.06823094177246093,0.08,0.088,10,11
bsky.app,et,80,0.06813325881958007,0.1,0.075,8,6
www.foxnews.com,en,70,0.06803250994001116,0.12857142857142856,0.05714285714285714,9,4
www.brandonsun.com,en,38,0.06781748721474096,0.07894736842105263,0.10526315789473684,3,4
www.20min.ch,de,24,0.06775399049123128,0.08333333333333333,0.041666666666666664,2,1
www.bild.de,de,84,0.06762693041846865,0.09523809523809523,0.011904761904761904,8,1
www.jeuxvideo.com,ja,29,0.06762261226259429,0.034482758620689655,0.0,1,0
www.openpr.com,en,246,0.06729874959806116,0.10569105691056911,0.10569105691056911,26,26
dnevnik.hr,hr,20,0.06715831756591797,0.15,0.05,3,1
x.com,la,309,0.06709704970078947,0.08414239482200647,0.03559870550161812,26,11
herald-review.com,en,42,0.06610402606782459,0.07142857142857142,0.0,3,0
reddit.com,eu,28,0.066044739314488,0.03571428571428571,0.10714285714285714,1,3
elpopular.pe,es,46,0.0657384499259617,0.08695652173913043,0.0,4,0
bsky.app,it,1993,0.06522310958456526,0.08228800802809834,0.0386352232814852,164,77
www.abc.net.au,en,91,0.0649657930646624,0.07692307692307693,0.03296703296703297,7,3
bsky.app,sl,54,0.06495101363570602,0.1111111111111111,0.07407407407407407,6,4
reddit.com,ar,235,0.0644614280538356,0.07234042553191489,0.05106382978723404,17,12
www.news-gazette.com,en,138,0.06426936992700549,0.07246376811594203,0.057971014492753624,10,8
x.com,gl,619,0.06425704093279862,0.06946688206785137,0.033925686591276254,43,21
reddit.com,hr,188,0.06422044368500406,0.0851063829787234,0.031914893617021274,16,6
reddit.com,ro,501,0.06403088522052575,0.09780439121756487,0.0499001996007984,49,25
glavcom.ua,uk,44,0.06387684561989525,0.09090909090909091,0.06818181818181818,4,3
de.rt.com,de,22,0.06344344399192116,0.09090909090909091,0.0,2,0
www.reddit.com,zh,66,0.06338181640162613,0.09090909090909091,0.030303030303030304,6,2
www.reddit.com,ro,144,0.06319459941652086,0.09027777777777778,0.0763888888888889,13,11
www.greenevillesun.com,en,21,0.06318491981143043,0.09523809523809523,0.09523809523809523,2,2
www.youtube.com,fi,40,0.06305389404296875,0.075,0.1,3,4
reddit.com,ms,51,0.06303940567315794,0.058823529411764705,0.0196078431372549,3,1
x.com,eo,1223,0.06302188130937827,0.07113654946852004,0.032706459525756335,87,40
ua.korrespondent.net,uk,31,0.06274094120148689,0.06451612903225806,0.0,2,0
bsky.app,fr,11462,0.06253474063636993,0.08201012039783633,0.03908567440237306,940,448
www.youtube.com,kk,20,0.06224880218505859,0.1,0.05,2,1
www.threads.net,ru,119,0.062215260096958706,0.06722689075630252,0.01680672268907563,8,2
www.threads.net,it,25,0.06194969177246094,0.04,0.08,1,2
www.youtube.com,si,46,0.06155474289603855,0.06521739130434782,0.10869565217391304,3,5
www.almanar.com.lb,ar,49,0.0615048311194595,0.061224489795918366,0.04081632653061224,3,2
x.com,mk,389,0.061423289438752714,0.08483290488431877,0.038560411311053984,33,15
news.google.com,en,229,0.06139337131550218,0.10480349344978165,0.08733624454148471,24,20
au.investing.com,en,131,0.06124563435561784,0.07633587786259542,0.1297709923664122,10,17
www.liberoquotidiano.it,it,56,0.06092837878635952,0.07142857142857142,0.017857142857142856,4,1
www.cbs17.com,en,54,0.06091916119610822,0.09259259259259259,0.037037037037037035,5,2
www.alquds.co.uk,ar,112,0.06081148556300572,0.08928571428571429,0.07142857142857142,10,8
www.tagesspiegel.de,de,40,0.06067545413970947,0.075,0.0,3,0
bsky.app,pl,1171,0.060530256960353315,0.07856532877882152,0.04355251921434671,92,51
thefrontierpost.com,en,39,0.05965345333784054,0.05128205128205128,0.02564102564102564,2,1
www.telegraaf.nl,nl,35,0.05941456386021205,0.05714285714285714,0.05714285714285714,2,2
www.berlingske.dk,da,25,0.05887786865234375,0.08,0.08,2,2
bsky.app,es,17752,0.05884479944530829,0.07390716538981523,0.033461018476791345,1312,594
eco.sapo.pt,pt,26,0.058608605311467096,0.07692307692307693,0.0,2,0
bsky.app,no,524,0.05831268543505486,0.06870229007633588,0.030534351145038167,36,16
x.com,uz,120,0.05774935086568197,0.05,0.041666666666666664,6,5
www.manilatimes.net,en,74,0.057692656645903714,0.05405405405405406,0.04054054054054054,4,3
x.com,tl,1086,0.05750255251018602,0.06721915285451197,0.0423572744014733,73,46
www.livemint.com,en,34,0.057495958664838004,0.058823529411764705,0.0,2,0
reporteconfidencial.info,es,23,0.05724616672681725,0.043478260869565216,0.0,1,0
www.kurir.rs,hr,24,0.05716617902119955,0.08333333333333333,0.08333333333333333,2,2
bsky.app,ar,372,0.05710990967289094,0.06720430107526881,0.0456989247311828,25,17
censor.net,ru,52,0.05710436747624324,0.057692307692307696,0.019230769230769232,3,1
www.jeuxvideo.com,es,39,0.05697357960236378,0.05128205128205128,0.02564102564102564,2,1
x.com,qu,26,0.056972356942983776,0.038461538461538464,0.0,1,0
www.mediafax.ro,ro,27,0.05687575870090061,0.07407407407407407,0.1111111111111111,2,3
reddit.com,hu,1260,0.05653555431063213,0.07539682539682539,0.03968253968253968,95,50
www.syracuse.com,en,33,0.05638113888827237,0.12121212121212122,0.06060606060606061,4,2
bsky.app,th,83,0.056110267179558075,0.060240963855421686,0.024096385542168676,5,2
reddit.com,sq,23,0.056062117866847824,0.08695652173913043,0.0,2,0
tldr.nettime.org,en,21,0.055988493419828866,0.14285714285714285,0.23809523809523808,3,5
nypost.com,en,130,0.05537765943087064,0.1076923076923077,0.023076923076923078,14,3
www.nwahomepage.com,en,62,0.055373130306120844,0.06451612903225806,0.016129032258064516,4,1
bsky.app,fi,363,0.055252616398919055,0.07162534435261708,0.049586776859504134,26,18
www.alo.rs,sr,102,0.05523419847675398,0.06862745098039216,0.08823529411764706,7,9
urdu.siasat.com,ur,29,0.05512526939655173,0.06896551724137931,0.0,2,0
petel.bg,bg,53,0.055079316193202756,0.09433962264150944,0.018867924528301886,5,1
www.tehrantimes.com,en,22,0.05504478107799183,0.045454545454545456,0.0,1,0
reddit.com,en,290002,0.05470154679246357,0.06787539396280026,0.02736877676705678,19684,7937
www.threads.net,de,157,0.05468220315921079,0.07006369426751592,0.01910828025477707,11,3
www.lankadeepa.lk,si,25,0.0545733642578125,0.04,0.0,1,0
www.wcpo.com,en,28,0.054552316665649414,0.10714285714285714,0.03571428571428571,3,1
www.dailyitem.com,en,198,0.05442569231746173,0.0707070707070707,0.015151515151515152,14,3
www.walesonline.co.uk,en,27,0.05430465274386936,0.07407407407407407,0.0,2,0
sopuli.xyz,en,34,0.05403255013858571,0.058823529411764705,0.0,2,0
globegazette.com,en,20,0.05395803451538086,0.05,0.0,1,0
bsky.app,hi,78,0.053863256405561395,0.05128205128205128,0.05128205128205128,4,4
www.stern.de,de,105,0.05324046725318545,0.06666666666666667,0.047619047619047616,7,5
www.rollingstone.com,en,35,0.05317971365792411,0.05714285714285714,0.11428571428571428,2,4
www.timescolonist.com,en,96,0.05295358101526896,0.07291666666666667,0.010416666666666666,7,1
x.com,lb,63,0.052585601806640625,0.031746031746031744,0.015873015873015872,2,1
www.sharghdaily.com,fa,36,0.052563985188802086,0.08333333333333333,0.027777777777777776,3,1
www.iltempo.it,it,27,0.05234216760706018,0.037037037037037035,0.07407407407407407,1,2
hk.investing.com,zh,71,0.05230949294399208,0.09859154929577464,0.1267605633802817,7,9
x.com,lt,802,0.05199678996554634,0.03740648379052369,0.012468827930174564,30,10
www.youtube.com,ca,30,0.05192763010660807,0.06666666666666667,0.0,2,0
senego.com,fr,35,0.0516730717250279,0.08571428571428572,0.11428571428571428,3,4
uk.investing.com,en,121,0.051377509251113763,0.06611570247933884,0.09090909090909091,8,11
x.com,ht,71,0.051125002578950265,0.07042253521126761,0.08450704225352113,5,6
medan.tribunnews.com,id,59,0.05109395819195246,0.05084745762711865,0.06779661016949153,3,4
www.egypt-today.com,ar,20,0.050949811935424805,0.05,0.0,1,0
www.landbote.ch,de,26,0.05080193739670973,0.07692307692307693,0.038461538461538464,2,1
www.tf1info.fr,fr,52,0.05058981822087215,0.057692307692307696,0.057692307692307696,3,3
www.reddit.com,tl,125,0.05016552734375,0.072,0.016,9,2
reddit.com,el,235,0.05002340763173205,0.06808510638297872,0.029787234042553193,16,7
www.newschannel5.com,en,23,0.049996832142705505,0.08695652173913043,0.08695652173913043,2,2
x.com,su,57,0.04965594776889734,0.07017543859649122,0.07017543859649122,4,4
www.farodevigo.es,es,79,0.04945719996585122,0.11392405063291139,0.012658227848101266,9,1
www.vice.com,en,23,0.04934916288956352,0.043478260869565216,0.08695652173913043,1,2
boards.4channel.org,ru,33,0.04923733797940341,0.0,0.12121212121212122,0,4
www.irishmirror.ie,en,21,0.04900469098772321,0.047619047619047616,0.0,1,0
www.sd.rs,sr,60,0.0489037831624349,0.03333333333333333,0.05,2,3
www.eagletribune.com,en,143,0.04885170676491477,0.06293706293706294,0.04195804195804196,9,6
www.nation.lk,en,21,0.0487849371773856,0.047619047619047616,0.0,1,0
ryukyushimpo.jp,ja,48,0.04870295524597168,0.0625,0.0,3,0
www.reddit.com,hu,1469,0.048635398392128736,0.059904697072838665,0.029952348536419333,88,44
pagesix.com,en,29,0.04819804224474677,0.06896551724137931,0.0,2,0
www.theadvocate.com,en,29,0.04814003253805226,0.034482758620689655,0.0,1,0
www.quotidiano.net,it,22,0.04791025681929155,0.045454545454545456,0.0,1,0
bsky.app,ca,792,0.04789802040716614,0.054292929292929296,0.03156565656565657,43,25
news.knowledia.com,en,597,0.04788202736245927,0.06197654941373534,0.04690117252931323,37,28
www.12news.com,en,25,0.047589988708496095,0.04,0.04,1,1
www.reddit.com,hi,27,0.0475446206552011,0.037037037037037035,0.0,1,0
www.ibtimes.com,en,40,0.04752635955810547,0.075,0.025,3,1
www.kvue.com,en,42,0.04721303213210333,0.047619047619047616,0.023809523809523808,2,1
www.theguardian.com,en,83,0.04715944772743317,0.04819277108433735,0.024096385542168676,4,2
reddit.com,tl,252,0.04704412959870838,0.047619047619047616,0.01984126984126984,12,5
www.tmj4.com,en,24,0.046988884607950844,0.08333333333333333,0.041666666666666664,2,1
www.fardanews.com,fa,45,0.046513070000542535,0.06666666666666667,0.022222222222222223,3,1
www.derbund.ch,de,31,0.046445969612367695,0.06451612903225806,0.06451612903225806,2,2
reddit.com,pt,4472,0.04641020852465962,0.05836314847942755,0.029740608228980323,261,133
www.woonsocketcall.com,en,46,0.04633493008820907,0.08695652173913043,0.021739130434782608,4,1
reddit.com,nl,808,0.04601525198114981,0.04702970297029703,0.04084158415841584,38,33
belta.by,ru,20,0.04591054916381836,0.05,0.0,1,0
bsky.app,hu,199,0.045811279335213666,0.06030150753768844,0.02512562814070352,12,5
reddit.com,ja,969,0.0455587670529959,0.04540763673890609,0.043343653250773995,44,42
bsky.app,cs,132,0.04541407209454161,0.05303030303030303,0.030303030303030304,7,4
nemzetisport.hu,hu,23,0.045379472815472145,0.043478260869565216,0.0,1,0
www.fool.ca,en,20,0.04520082473754883,0.05,0.05,1,1
vz.ru,ru,29,0.04515549232219827,0.034482758620689655,0.034482758620689655,1,1
www.tagesanzeiger.ch,de,20,0.04515538215637207,0.1,0.05,2,1
www.abc4.com,en,25,0.04508399963378906,0.04,0.0,1,0
www.actualno.com,bg,73,0.04471366046226188,0.0547945205479452,0.0410958904109589,4,3
www.wgrz.com,en,23,0.04455918851106063,0.043478260869565216,0.0,1,0
www.sport.es,es,26,0.04437076128446139,0.07692307692307693,0.15384615384615385,2,4
www.starbeacon.com,en,23,0.04434029952339504,0.08695652173913043,0.0,2,0
www.reddit.com,en,811334,0.04406229985559965,0.05459650402916678,0.022379192786201492,44296,18157
www.indianagazette.com,en,28,0.043887547084263394,0.03571428571428571,0.0,1,0
ca.finance.yahoo.com,en,78,0.04375164325420673,0.05128205128205128,0.0641025641025641,4,5
www.reddit.com,hr,55,0.04348402890292081,0.05454545454545454,0.05454545454545454,3,3
www.nzz.ch,de,28,0.0434680666242327,0.03571428571428571,0.07142857142857142,1,2
www.marinij.com,en,57,0.04340606823302152,0.07017543859649122,0.017543859649122806,4,1
bsky.app,cy,34,0.04333928052116843,0.029411764705882353,0.029411764705882353,1,1
www.deia.eus,es,37,0.04330921173095703,0.05405405405405406,0.08108108108108109,2,3
bonito.cafe,es,86,0.04322557671125545,0.03488372093023256,0.023255813953488372,3,2
www.reddit.com,ar,44,0.04318428039550781,0.022727272727272728,0.09090909090909091,1,4
www.cronista.com,es,29,0.043125941835600756,0.034482758620689655,0.0,1,0
www.lasicilia.it,it,91,0.04308334811703189,0.04395604395604396,0.01098901098901099,4,1
reddit.com,ru,1652,0.04282146851029292,0.046610169491525424,0.038135593220338986,77,63
www.reddit.com,tr,1006,0.0427903825672673,0.04970178926441352,0.02385685884691849,50,24
www.reddit.com,fa,114,0.042714746374832954,0.05263157894736842,0.008771929824561403,6,1
mondo.rs,sr,38,0.04271371741043894,0.10526315789473684,0.07894736842105263,4,3
www.enidnews.com,en,66,0.04255156083540483,0.06060606060606061,0.030303030303030304,4,2
starherald.com,en,26,0.042505851158728965,0.038461538461538464,0.0,1,0
keralakaumudi.com,ml,207,0.04250497864064387,0.05314009661835749,0.06763285024154589,11,14
reddit.com,fr,1910,0.042496922378140595,0.050261780104712044,0.030890052356020943,96,59
cyprustimes.com,el,27,0.04248612015335648,0.037037037037037035,0.037037037037037035,1,1
www.kgun9.com,en,29,0.04240759487809806,0.06896551724137931,0.10344827586206896,2,3
www.nacion.com,es,38,0.04236146023398951,0.07894736842105263,0.02631578947368421,3,1
www.newsit.gr,el,88,0.042361302809281784,0.03409090909090909,0.011363636363636364,3,1
www.nj.com,en,88,0.042108676650307396,0.045454545454545456,0.022727272727272728,4,2
www.newsweek.com,en,164,0.042107401824579005,0.06097560975609756,0.042682926829268296,10,7
bsky.app,sv,1000,0.04209059429168701,0.055,0.02,55,20
www.aletihad.ae,ar,26,0.04206635401799129,0.11538461538461539,0.11538461538461539,3,3
www.newsis.com,zh,29,0.04203533304148707,0.06896551724137931,0.10344827586206896,2,3
www.yoursun.com,en,67,0.041784371902693566,0.04477611940298507,0.04477611940298507,3,3
www.metroworldnews.com.br,pt,28,0.04167945044381278,0.03571428571428571,0.0,1,0
www.dailyjanakantha.com,bn,35,0.04157943725585937,0.05714285714285714,0.05714285714285714,2,2
auburnpub.com,en,25,0.04142864227294922,0.04,0.0,1,0
www.panorama.com.al,sq,50,0.041384525299072265,0.06,0.02,3,1
reddit.com,de,3861,0.04138315739763799,0.0461020461020461,0.03341103341103341,178,129
www.dailynews.lk,en,91,0.041303404084928746,0.06593406593406594,0.04395604395604396,6,4
www.hespress.com,ar,38,0.0412761788619192,0.05263157894736842,0.0,2,0
www.reuters.com,pt,27,0.04108503129747179,0.037037037037037035,0.037037037037037035,1,1
tylerpaper.com,en,39,0.04106448246882512,0.07692307692307693,0.02564102564102564,3,1
reddit.com,lt,32,0.041025251150131226,0.03125,0.0,1,0
www.bozemandailychronicle.com,en,49,0.040960662218989155,0.04081632653061224,0.0,2,0
economictimes.indiatimes.com,en,77,0.0409077483338195,0.09090909090909091,0.07792207792207792,7,6
www.israelhayom.co.il,he,36,0.04086928897433811,0.05555555555555555,0.05555555555555555,2,2
cumberlink.com,en,32,0.040862202644348145,0.03125,0.03125,1,1
bsky.app,lv,197,0.04065676752080772,0.04060913705583756,0.005076142131979695,8,1
x.com,io,90,0.040594726138644746,0.044444444444444446,0.022222222222222223,4,2
www.hs.fi,fi,31,0.04037820139238911,0.06451612903225806,0.12903225806451613,2,4
www.whig.com,en,61,0.040254514725481874,0.06557377049180328,0.06557377049180328,4,4
x.com,ia,122,0.04016326685420803,0.040983606557377046,0.01639344262295082,5,2
www.businessinsider.com,en,71,0.04011469827571385,0.04225352112676056,0.028169014084507043,3,2
www.dv.is,is,27,0.04010083940294054,0.037037037037037035,0.0,1,0
lufkindailynews.com,en,123,0.03973567776563691,0.04065040650406504,0.04065040650406504,5,5
www.realitatea.net,ro,61,0.039717658621365906,0.04918032786885246,0.0,3,0
www.abc15.com,en,22,0.0396554253318093,0.045454545454545456,0.045454545454545456,1,1
www.reddit.com,ja,79,0.0395476546468614,0.02531645569620253,0.0379746835443038,2,3
www.reddit.com,ru,307,0.03951166196444136,0.035830618892508145,0.06840390879478828,11,21
www.gazettextra.com,en,171,0.039397780658208835,0.04678362573099415,0.03508771929824561,8,6
reddit.com,sk,65,0.039302943303034854,0.03076923076923077,0.046153846153846156,2,3
forocoches.com,es,4566,0.039208739251877414,0.04840122645641699,0.021243977222952255,221,97
www.naftemporiki.gr,el,34,0.03920720605289235,0.08823529411764706,0.058823529411764705,3,2
santamariatimes.com,en,85,0.03919692319982192,0.03529411764705882,0.07058823529411765,3,6
www.joplinglobe.com,en,94,0.03917452629576338,0.05319148936170213,0.02127659574468085,5,2
www.jonesborosun.com,en,50,0.03908758163452149,0.04,0.0,2,0
www.dailyrecordnews.com,en,68,0.03908502354341395,0.058823529411764705,0.029411764705882353,4,2
www.nzherald.co.nz,en,43,0.039039789244186045,0.046511627906976744,0.023255813953488372,2,1
reddit.com,eo,145,0.03903743480813914,0.034482758620689655,0.013793103448275862,5,2
bsky.app,ro,59,0.0389894388489804,0.03389830508474576,0.03389830508474576,2,2
www.echo-news.co.uk,en,27,0.03894735265661169,0.037037037037037035,0.0,1,0
www.ed.nl,nl,84,0.038862909589494975,0.03571428571428571,0.03571428571428571,3,3
www.premiumtimesng.com,en,22,0.038840380581942474,0.045454545454545456,0.0,1,0
www.caledonianrecord.com,en,107,0.03879088107670579,0.056074766355140186,0.009345794392523364,6,1
www.sundayobserver.lk,en,60,0.03870781262715658,0.05,0.03333333333333333,3,2
lemmy.zip,en,47,0.03847063348648396,0.06382978723404255,0.0425531914893617,3,2
reddit.com,sl,194,0.03840172659490526,0.04639175257731959,0.04639175257731959,9,9
reddit.com,cs,378,0.038179528776300015,0.047619047619047616,0.023809523809523808,18,9
reddit.com,da,628,0.038127036610986015,0.04777070063694268,0.02388535031847134,30,15
vn.investing.com,vi,24,0.038070360819498696,0.041666666666666664,0.08333333333333333,1,2
www.vecernji.hr,hr,58,0.037950449976427804,0.06896551724137931,0.034482758620689655,4,2
www.okinawatimes.co.jp,ja,54,0.03772813302499277,0.037037037037037035,0.0,2,0
www.iefimerida.gr,el,80,0.037630879878997804,0.05,0.025,4,2
www.stuttgarter-zeitung.de,de,25,0.03761798858642578,0.04,0.0,1,0
reddit.com,fi,617,0.03752626205765834,0.04538087520259319,0.02593192868719611,28,16
bsky.app,mk,33,0.03700054053104285,0.030303030303030304,0.030303030303030304,1,1
x.com,ga,68,0.036999029271742874,0.04411764705882353,0.0,3,0
s.alwakeelnews.com,ar,43,0.03680528596390125,0.023255813953488372,0.0,1,0
www.thesun.co.uk,en,74,0.03671165414758631,0.04054054054054054,0.0,3,0
www.rbc.ua,uk,48,0.03667535384496053,0.0625,0.0,3,0
www.union-bulletin.com,en,78,0.036667261368189104,0.038461538461538464,0.0,3,0
www.hln.be,nl,71,0.03665271275480029,0.04225352112676056,0.04225352112676056,3,3
cn.investing.com,zh,89,0.03655277209335499,0.0449438202247191,0.0449438202247191,4,4
wiadomosci.gazeta.pl,pl,28,0.0364969117300851,0.03571428571428571,0.0,1,0
reddit.com,uk,119,0.036413954085662587,0.025210084033613446,0.025210084033613446,3,3
www.protothema.gr,el,120,0.036380894978841144,0.03333333333333333,0.0,4,0
www.nwitimes.com,en,31,0.03633689880371094,0.03225806451612903,0.0,1,0
reddit.com,no,359,0.036305313322869515,0.03899721448467967,0.036211699164345405,14,13
www.op-online.de,de,25,0.03625282287597656,0.04,0.0,1,0
www.newsbomb.gr,el,93,0.036181070471322664,0.043010752688172046,0.0,4,0
www.nordbayern.de,de,26,0.03608505542461689,0.038461538461538464,0.0,1,0
reddit.com,sv,583,0.035987680608575996,0.03945111492281304,0.015437392795883362,23,9
www.vg.hu,hu,29,0.035948128535829744,0.10344827586206896,0.06896551724137931,3,2
reddit.com,tr,684,0.03578079792491177,0.03508771929824561,0.03654970760233918,24,25
www.elnacional.com,es,31,0.03568821568642893,0.06451612903225806,0.06451612903225806,2,2
www.danas.rs,sr,71,0.035681402179556836,0.028169014084507043,0.014084507042253521,2,1
www.newsargus.com,en,46,0.035577856976052986,0.06521739130434782,0.043478260869565216,3,2
www.reddit.com,nl,236,0.035464133246470304,0.046610169491525424,0.038135593220338986,11,9
www.reddit.com,ca,67,0.03542750629026498,0.04477611940298507,0.014925373134328358,3,1
hi.investing.com,hi,52,0.03536708538348858,0.057692307692307696,0.019230769230769232,3,1
www.canoncitydailyrecord.com,en,39,0.03511181855813051,0.05128205128205128,0.0,2,0
www.adnkronos.com,it,31,0.03500750757032825,0.03225806451612903,0.03225806451612903,1,1
www.beloitdailynews.com,en,70,0.03493889399937221,0.05714285714285714,0.04285714285714286,4,3
www.itemonline.com,en,28,0.03482086317879813,0.03571428571428571,0.0,1,0
www.tanea.gr,el,23,0.034760848335597824,0.08695652173913043,0.043478260869565216,2,1
www.reddit.com,sv,1629,0.03475398736324978,0.03560466543891958,0.014732965009208104,58,24
www.amarujala.com,hi,1654,0.03460680789786066,0.02962515114873035,0.03143893591293833,49,52
lat.sputnikportal.rs,sr,44,0.03455710411071777,0.06818181818181818,0.06818181818181818,3,3
www.victoriaadvocate.com,en,134,0.03451643417130655,0.03731343283582089,0.05970149253731343,5,8
www.haber7.com,tr,46,0.03448109004808509,0.043478260869565216,0.021739130434782608,2,1
bsky.app,ru,2040,0.03442714541566138,0.041666666666666664,0.016176470588235296,85,33
reddit.com,es,5241,0.03436332375829035,0.0383514596451059,0.024041213508872353,201,126
www.ad.nl,nl,64,0.034315139055252075,0.03125,0.046875,2,3
boards.4channel.org,es,49,0.034282197757643094,0.061224489795918366,0.08163265306122448,3,4
arabi21.com,ar,25,0.03415931701660156,0.04,0.0,1,0
www.nydailynews.com,en,38,0.03402481581035413,0.05263157894736842,0.0,2,0
comicbook.com,en,28,0.03401129586356027,0.03571428571428571,0.03571428571428571,1,1
www.reuters.com,en,68,0.03398457695456112,0.029411764705882353,0.014705882352941176,2,1
sportday.gr,el,35,0.033876255580357145,0.02857142857142857,0.0,1,0
bsky.app,bg,100,0.03379572868347168,0.05,0.01,5,1
www.ethnos.gr,el,63,0.03369880857921782,0.031746031746031744,0.0,2,0
x.com,fy,103,0.0336276767323318,0.019417475728155338,0.009708737864077669,2,1
reddit.com,bg,163,0.03362537454242355,0.03067484662576687,0.012269938650306749,5,2
www.dnoticias.pt,pt,35,0.03351375034877232,0.02857142857142857,0.0,1,0
reddit.com,et,55,0.03347559842196378,0.01818181818181818,0.0,1,0
www.belfastlive.co.uk,en,20,0.03331141471862793,0.1,0.05,2,1
pantagraph.com,en,44,0.03326914527199485,0.022727272727272728,0.045454545454545456,1,2
programming.dev,en,52,0.03321671485900879,0.038461538461538464,0.0,2,0
www.newspressnow.com,en,298,0.03310320681373545,0.0436241610738255,0.02348993288590604,13,7
ru.investing.com,ru,89,0.03309241305576282,0.033707865168539325,0.0,3,0
t24.com.tr,tr,66,0.0329789248379794,0.030303030303030304,0.015151515151515152,2,1
www.reddit.com,da,691,0.032931730819680066,0.04052098408104197,0.027496382054992764,28,19
www.laopiniondemalaga.es,es,71,0.032882636701557,0.07042253521126761,0.0,5,0
www.baltimoresun.com,en,64,0.03280828893184662,0.046875,0.015625,3,1
www.akhbarona.com,ar,34,0.032693161683924055,0.08823529411764706,0.0,3,0
columbustelegram.com,en,20,0.032575035095214845,0.05,0.1,1,2
www.yjc.ir,fa,38,0.03253625568590666,0.02631578947368421,0.0,1,0
www.bndestem.nl,nl,62,0.03245387538786857,0.03225806451612903,0.016129032258064516,2,1
www.aftonbladet.se,sv,47,0.03241283335584275,0.0425531914893617,0.0,2,0
www.thedailybeast.com,en,31,0.03222363994967553,0.0967741935483871,0.03225806451612903,3,1
www.youtube.com,eo,33,0.032161712646484375,0.030303030303030304,0.0,1,0
www.express.pk,ur,41,0.03210518999797542,0.024390243902439025,0.024390243902439025,1,1
www.watoday.com.au,en,34,0.031965928919175095,0.058823529411764705,0.029411764705882353,2,1
www.bd.nl,nl,93,0.03193796834638042,0.03225806451612903,0.043010752688172046,3,4
reddit.com,ca,146,0.031770732304821275,0.03424657534246575,0.0273972602739726,5,4
www.stuff.co.nz,en,40,0.03173975944519043,0.05,0.05,2,2
www.sudouest.fr,fr,44,0.03167408162897283,0.045454545454545456,0.022727272727272728,2,1
www.reddit.com,sr,96,0.03166450063387553,0.03125,0.010416666666666666,3,1
www.reddit.com,sk,129,0.03159536317337391,0.03875968992248062,0.0,5,0
www.irishtimes.com,en,28,0.03149441310337612,0.07142857142857142,0.07142857142857142,2,2
www.romesentinel.com,en,49,0.03143843825982542,0.02040816326530612,0.02040816326530612,1,1
www.reddit.com,he,55,0.03133702711625533,0.01818181818181818,0.01818181818181818,1,1
www.goskagit.com,en,77,0.03124185041947798,0.05194805194805195,0.012987012987012988,4,1
www.liputan6.com,id,25,0.030988922119140627,0.04,0.08,1,2
www.svd.se,sv,27,0.03097728446677879,0.037037037037037035,0.037037037037037035,1,1
ca.style.yahoo.com,en,29,0.03097027745740167,0.06896551724137931,0.0,2,0
bsky.app,fa,260,0.030968677080594576,0.026923076923076925,0.026923076923076925,7,7
leadership.ng,en,22,0.03092106905850497,0.045454545454545456,0.0,1,0
politiken.dk,da,40,0.03076624870300293,0.05,0.025,2,1
www.sigmalive.com,el,21,0.030687332153320312,0.047619047619047616,0.09523809523809523,1,2
fox5sandiego.com,en,20,0.030571651458740235,0.05,0.1,1,2
informer.rs,sr,115,0.030549845488175104,0.034782608695652174,0.017391304347826087,4,2
www.elkharttruth.com,en,37,0.030413679174474767,0.05405405405405406,0.02702702702702703,2,1
www.dailymail.co.uk,en,267,0.030275909195232036,0.026217228464419477,0.011235955056179775,7,3
www.reddit.com,fi,1148,0.030275147135664777,0.03397212543554007,0.01916376306620209,39,22
www.noticiasdegipuzkoa.eus,es,49,0.030252845919862086,0.04081632653061224,0.04081632653061224,2,2
www.laverdad.es,es,48,0.030190348625183105,0.020833333333333332,0.08333333333333333,1,4
www.aydinlik.com.tr,tr,58,0.030166099811422414,0.017241379310344827,0.017241379310344827,1,1
www.nosdiario.gal,gl,33,0.030032244595614346,0.030303030303030304,0.06060606060606061,1,2
www.kcra.com,en,23,0.030028591985287872,0.043478260869565216,0.0,1,0
www.news-journal.com,en,86,0.030017686444659564,0.023255813953488372,0.06976744186046512,2,6
www.wyomingnews.com,en,46,0.029966478762419327,0.043478260869565216,0.06521739130434782,2,3
www.star.com.tr,tr,55,0.029930773648348723,0.03636363636363636,0.01818181818181818,2,1
www.mynet.com,tr,27,0.0299277835422092,0.037037037037037035,0.0,1,0
forocoches.com,fr,35,0.029904011317661832,0.02857142857142857,0.05714285714285714,1,2
forocoches.com,en,122,0.029814032257580367,0.03278688524590164,0.04918032786885246,4,6
www.thehindu.com,en,115,0.029796044722847317,0.02608695652173913,0.008695652173913044,3,1
mastodon.hongkongers.net,en,132,0.02978157274650805,0.022727272727272728,0.030303030303030304,3,4
www.elfinanciero.com.mx,es,61,0.02958382153120197,0.03278688524590164,0.0,2,0
www.eltiempo.com,es,156,0.029561696908412836,0.05128205128205128,0.019230769230769232,8,3
www.haberler.com,tr,41,0.02956139169088224,0.04878048780487805,0.0,2,0
tvi.iol.pt,pt,37,0.029431214203705657,0.05405405405405406,0.02702702702702703,2,1
www.bhaskar.com,hi,36,0.029248555501302082,0.05555555555555555,0.027777777777777776,2,1
thewest.com.au,en,75,0.02923773447672526,0.02666666666666667,0.013333333333333334,2,1
www.eldiario.com.co,es,29,0.029174442948966192,0.0,0.0,0,0
www.semana.com,es,90,0.02895657221476237,0.06666666666666667,0.03333333333333333,6,3
www.wvtm13.com,en,21,0.028934115455264135,0.047619047619047616,0.0,1,0
www.sportingnews.com,en,90,0.028815778096516927,0.03333333333333333,0.011111111111111112,3,1
www.wfla.com,en,34,0.028637942145852482,0.058823529411764705,0.058823529411764705,2,2
www.gsp.ro,ro,42,0.028322219848632812,0.0,0.047619047619047616,0,2
regnum.ru,ru,39,0.02813828297150441,0.02564102564102564,0.0,1,0
www.elperiodicomediterraneo.com,es,82,0.028002692431938356,0.036585365853658534,0.0,3,0
www.bluemountainsgazette.com.au,en,43,0.027771994125011357,0.023255813953488372,0.0,1,0
bsky.app,eo,31,0.02761047117171749,0.03225806451612903,0.03225806451612903,1,1
www.informador.mx,es,84,0.02759173938206264,0.03571428571428571,0.011904761904761904,3,1
reddit.com,gl,36,0.02716268433464898,0.027777777777777776,0.0,1,0
timesofindia.indiatimes.com,en,659,0.027116613431476137,0.028831562974203338,0.025796661608497723,19,17
www.mankatofreepress.com,en,124,0.027095240931357106,0.04032258064516129,0.04838709677419355,5,6
www.expreso.ec,es,62,0.027072337365919543,0.06451612903225806,0.04838709677419355,4,3
www.jamaicaobserver.com,en,26,0.027040408207820013,0.038461538461538464,0.07692307692307693,1,2
metro.co.uk,en,44,0.026852087541060013,0.022727272727272728,0.0,1,0
sawaleif.com,ar,20,0.02678813934326172,0.05,0.05,1,1
www.kalerkantho.com,bn,389,0.02674049093055235,0.02313624678663239,0.02570694087403599,9,10
x.com,br,121,0.026730482243309338,0.024793388429752067,0.03305785123966942,3,4
www.annistonstar.com,en,32,0.02668529748916626,0.03125,0.09375,1,3
www.extra.ec,es,39,0.026643655239007413,0.02564102564102564,0.0,1,0
www.maariv.co.il,he,34,0.026615759905646828,0.029411764705882353,0.11764705882352941,1,4
keralakaumudi.com,en,21,0.02660447075253441,0.0,0.14285714285714285,0,3
www.thesun.ie,en,110,0.026600421558726918,0.02727272727272727,0.01818181818181818,3,2
mastodonts.se,sv,27,0.026505364312065974,0.0,0.0,0,0
www.readingeagle.com,en,42,0.026477563948858352,0.023809523809523808,0.0,1,0
cnnespanol.cnn.com,es,63,0.026456878298804873,0.031746031746031744,0.031746031746031744,2,2
udn.com,zh,155,0.026382335539787045,0.03225806451612903,0.03870967741935484,5,6
www.merkur.de,de,89,0.02627470252219211,0.02247191011235955,0.011235955056179775,2,1
www.lrt.lt,lt,43,0.02626960222111192,0.06976744186046512,0.046511627906976744,3,2
www.iolaregister.com,en,46,0.026259795479152515,0.043478260869565216,0.043478260869565216,2,2
www.rcnradio.com,es,66,0.02614889722881895,0.015151515151515152,0.030303030303030304,1,2
nationalpost.com,en,20,0.026090335845947266,0.05,0.0,1,0
bsky.app,ga,26,0.026079324575570915,0.038461538461538464,0.0,1,0
www.register-herald.com,en,76,0.02602337536058928,0.02631578947368421,0.039473684210526314,2,3
elcomercio.pe,es,84,0.025774399439493816,0.023809523809523808,0.023809523809523808,2,2
reddit.com,pl,561,0.025772052227707044,0.0285204991087344,0.0142602495543672,16,8
arabic.rt.com,ar,39,0.02570181626539964,0.05128205128205128,0.02564102564102564,2,1
themercury.com,en,47,0.025698986459285655,0.02127659574468085,0.0,1,0
www.thecouriertimes.com,en,33,0.02564291520552202,0.030303030303030304,0.09090909090909091,1,3
www.reddit.com,pl,245,0.025580783766143176,0.02857142857142857,0.024489795918367346,7,6
www.reddit.com,az,32,0.02554774284362793,0.03125,0.0,1,0
24.sapo.pt,pt,49,0.025397767826002473,0.04081632653061224,0.0,2,0
www.hamshahrionline.ir,fa,45,0.0253631591796875,0.06666666666666667,0.0,3,0
www.andhrajyothy.com,te,325,0.025284142127403847,0.021538461538461538,0.009230769230769232,7,3
net.hr,hr,77,0.02528399925727349,0.025974025974025976,0.0,2,0
www.kron4.com,en,29,0.025263457462705415,0.034482758620689655,0.034482758620689655,1,1
www.libertatea.ro,ro,28,0.0251288754599435,0.03571428571428571,0.03571428571428571,1,1
index.hu,hu,37,0.024972297049857473,0.05405405405405406,0.0,2,0
www.telecinco.es,es,51,0.024866085426480163,0.0392156862745098,0.0196078431372549,2,1
bsky.app,la,29,0.024734464184991246,0.0,0.06896551724137931,0,2
www.wvnews.com,en,106,0.024630672526809404,0.009433962264150943,0.02830188679245283,1,3
www.forbes.com,en,35,0.024560764857700892,0.02857142857142857,0.0,1,0
www.tgrthaber.com,tr,30,0.02443523406982422,0.03333333333333333,0.0,1,0
www.laprovincia.es,es,48,0.024400949478149414,0.041666666666666664,0.0,2,0
reddit.com,sw,32,0.024185895919799805,0.03125,0.0625,1,2
www.ocregister.com,en,37,0.02412953247895112,0.02702702702702703,0.0,1,0
www.wsav.com,en,43,0.024082272551780522,0.023255813953488372,0.046511627906976744,1,2
medicalxpress.com,en,51,0.024010751761642156,0.0196078431372549,0.0,1,0
www.cnnturk.com,tr,120,0.024003998438517252,0.025,0.0,3,0
www.reddit.com,uk,178,0.023996085263370128,0.016853932584269662,0.02247191011235955,3,4
news.knowledia.com,fr,287,0.02392316612217069,0.0313588850174216,0.010452961672473868,9,3
reddit.com,it,1528,0.0237059842853646,0.017015706806282723,0.0137434554973822,26,21
iz.ru,ru,41,0.02363953939298304,0.04878048780487805,0.0,2,0
www.zdnet.com,en,38,0.023552969882362766,0.05263157894736842,0.05263157894736842,2,2
finance.yahoo.com,en,31,0.023446021541472403,0.0,0.0967741935483871,0,3
naslovi.net,hr,24,0.023441116015116375,0.041666666666666664,0.0,1,0
www.the-express.com,en,42,0.023439861479259673,0.047619047619047616,0.023809523809523808,2,1
www.dailypress.com,en,39,0.023417203854291867,0.02564102564102564,0.07692307692307693,1,3
www.cleveland.com,en,60,0.023405075073242188,0.016666666666666666,0.06666666666666667,1,4
diamond.jp,ja,97,0.023390189888551065,0.0,0.061855670103092786,0,6
www.publimetro.cl,es,36,0.023299826516045466,0.027777777777777776,0.0,1,0
www.dailygazette.com,en,197,0.02329556712039231,0.030456852791878174,0.02030456852791878,6,4
reddit.com,ko,30,0.023269081115722658,0.0,0.0,0,0
www.eonline.com,en,52,0.023226499557495117,0.019230769230769232,0.0,1,0
www.reddit.com,id,467,0.02321234096551605,0.014989293361884369,0.008565310492505354,7,4
kfor.com,en,34,0.02320261562571806,0.058823529411764705,0.029411764705882353,2,1
www.ynet.co.il,he,83,0.023186281502964985,0.024096385542168676,0.0,2,0
www.is.fi,fi,52,0.023165060923649713,0.019230769230769232,0.0,1,0
www.aljazeera.com,en,27,0.023158320674189815,0.0,0.037037037037037035,0,1
www.dakaractu.com,fr,22,0.02315573258833452,0.045454545454545456,0.0,1,0
www.guampdn.com,en,55,0.023076074773615056,0.03636363636363636,0.0,2,0
www.redbluffdailynews.com,en,49,0.023053597430793608,0.02040816326530612,0.0,1,0
www.laprovence.com,fr,29,0.023035180979761583,0.034482758620689655,0.034482758620689655,1,1
www.bolsamania.com,es,20,0.022936201095581053,0.0,0.05,0,1
pubeurope.com,it,34,0.022902881397920495,0.0,0.029411764705882353,0,1
www.reddit.com,fr,582,0.0228705307872025,0.01718213058419244,0.010309278350515464,10,6
social.heise.de,en,25,0.022777557373046875,0.04,0.08,1,2
www.sportime.gr,el,56,0.022750496864318848,0.017857142857142856,0.0,1,0
www.gmx.net,de,123,0.02273256410428179,0.024390243902439025,0.0,3,0
www.reddit.com,pt,2692,0.022650783873242042,0.017087667161961365,0.014858841010401188,46,40
reddit.com,la,82,0.022630633377447362,0.0,0.012195121951219513,0,1
www.newsis.com,en,47,0.02261368771816822,0.02127659574468085,0.02127659574468085,1,1
sa.investing.com,ar,88,0.02260600436817516,0.011363636363636364,0.0,1,0
gestion.pe,es,25,0.022560691833496092,0.04,0.0,1,0
www.theadvocate.com,ru,24,0.022521336873372395,0.0,0.0,0,0
www.postandcourier.com,en,188,0.022492444261591485,0.026595744680851064,0.010638297872340425,5,2
aif.ru,ru,78,0.02246383520273062,0.038461538461538464,0.01282051282051282,3,1
wiadomosci.onet.pl,pl,41,0.022452889419183497,0.024390243902439025,0.0,1,0
www.urdupoint.com,en,40,0.022447919845581053,0.05,0.025,2,1
www.timesnownews.com,en,73,0.02228036645340593,0.0136986301369863,0.0136986301369863,1,1
www.reddit.com,de,6370,0.022154941439067176,0.01616954474097331,0.013971742543171115,103,89
reddit.com,lb,38,0.02215272501895302,0.02631578947368421,0.02631578947368421,1,1
www.ctvnews.ca,en,34,0.022117025711957145,0.029411764705882353,0.029411764705882353,1,1
www.reddit.com,it,3148,0.022093726840376703,0.013659466327827191,0.008576874205844982,43,27
www.ntnews.com,te,214,0.02197581139680381,0.014018691588785047,0.014018691588785047,3,3
www.wn.de,de,53,0.021808210408912516,0.018867924528301886,0.018867924528301886,1,1
rg.ru,ru,66,0.02177903146454782,0.030303030303030304,0.030303030303030304,2,2
www.vesti-online.com,sr,20,0.02173275947570801,0.05,0.0,1,0
www.ensonhaber.com,tr,51,0.02170413148169424,0.0196078431372549,0.0,1,0
www.aa.com.tr,en,39,0.021558859409430087,0.02564102564102564,0.05128205128205128,1,2
ca.news.yahoo.com,en,213,0.02152643964883867,0.018779342723004695,0.0,4,0
www.reddit.com,cs,157,0.021510974616761422,0.025477707006369428,0.012738853503184714,4,2
www.perthnow.com.au,en,54,0.0214299272607874,0.018518518518518517,0.0,1,0
www.reddit.com,es,4235,0.021401876204129235,0.015112160566706022,0.012514757969303424,64,53
www.capital.gr,el,40,0.0213442325592041,0.05,0.075,2,3
www.hna.de,de,31,0.021227436680947582,0.03225806451612903,0.0,1,0
www.reddit.com,la,40,0.02120075225830078,0.0,0.025,0,1
in.ign.com,en,61,0.021189971048323833,0.01639344262295082,0.04918032786885246,1,3
www.9news.com.au,en,22,0.02114070545543324,0.045454545454545456,0.045454545454545456,1,1
www.internethaber.com,tr,29,0.021115072842301994,0.034482758620689655,0.0,1,0
actu.fr,fr,84,0.020979903993152436,0.023809523809523808,0.0,2,0
www.chronicle-tribune.com,en,26,0.02096245839045598,0.038461538461538464,0.0,1,0
donya-e-eqtesad.com,fa,210,0.02095619383312407,0.02857142857142857,0.009523809523809525,6,2
www.arabnews.pk,en,38,0.0209159349140368,0.02631578947368421,0.0,1,0
www.blikk.hu,hu,55,0.02083235653963956,0.03636363636363636,0.01818181818181818,2,1
www.messenger-inquirer.com,en,45,0.020802222357855903,0.022222222222222223,0.0,1,0
www.krone.at,de,57,0.020769085800438597,0.017543859649122806,0.0,1,0
www.stuttgarter-nachrichten.de,de,45,0.020677206251356335,0.022222222222222223,0.0,1,0
www.diariodecadiz.es,es,25,0.020664215087890625,0.04,0.0,1,0
www.yenicaggazetesi.com.tr,tr,68,0.020564864663516775,0.014705882352941176,0.014705882352941176,1,1
www.theepochtimes.com,en,64,0.020442277193069458,0.015625,0.015625,1,1
www.quadratin.com.mx,es,57,0.020363807678222656,0.017543859649122806,0.0,1,0
redir.folha.com.br,pt,138,0.020319275234056557,0.028985507246376812,0.021739130434782608,4,3
www.bizjournals.com,en,231,0.02014641947560496,0.012987012987012988,0.004329004329004329,3,1
www.belfasttelegraph.co.uk,en,38,0.02013949344032689,0.02631578947368421,0.0,1,0
www.irna.ir,fa,99,0.02013835521659466,0.030303030303030304,0.0,3,0
www.sozcu.com.tr,tr,54,0.02012545974166305,0.018518518518518517,0.0,1,0
gazette.com,en,107,0.020084826745719552,0.009345794392523364,0.009345794392523364,1,1
ziare.com,ro,26,0.02007469764122596,0.038461538461538464,0.0,1,0
www.globenewswire.com,en,76,0.01989763661434776,0.013157894736842105,0.0,1,0
www.tv3.lt,lt,37,0.01985828296558277,0.02702702702702703,0.0,1,0
www.elfagr.org,ar,124,0.019856129923174457,0.016129032258064516,0.016129032258064516,2,2
www.noticiasaominuto.com,pt,110,0.019768125360662286,0.01818181818181818,0.00909090909090909,2,1
www.zeit.de,de,59,0.019579903554108182,0.01694915254237288,0.0,1,0
www.takvim.com.tr,tr,26,0.019384164076585036,0.0,0.038461538461538464,0,1
www.smh.com.au,en,61,0.01933770101578509,0.01639344262295082,0.01639344262295082,1,1
www.heraldpalladium.com,en,36,0.01917854944864909,0.027777777777777776,0.05555555555555555,1,2
www.independent.co.uk,en,112,0.01916616303580148,0.017857142857142856,0.0,2,0
www.orlandosentinel.com,en,53,0.019072424690678436,0.018867924528301886,0.0,1,0
www.levante-emv.com,es,72,0.01894708474477132,0.013888888888888888,0.08333333333333333,1,6
www.gamespot.com,en,28,0.018916777202061245,0.03571428571428571,0.07142857142857142,1,2
www.hjnews.com,en,35,0.01889801025390625,0.0,0.08571428571428572,0,3
www.dnes.bg,bg,44,0.018886110999367454,0.045454545454545456,0.06818181818181818,2,3
www.unionesarda.it,it,57,0.01888542844538103,0.03508771929824561,0.03508771929824561,2,2
1prime.ru,ru,20,0.018830394744873045,0.05,0.05,1,1
agenciabrasil.ebc.com.br,pt,34,0.018817733315860525,0.029411764705882353,0.029411764705882353,1,1
redgol.cl,es,75,0.018809839884440103,0.013333333333333334,0.013333333333333334,1,1
www.cumhuriyet.com.tr,tr,59,0.01880910841085143,0.01694915254237288,0.0,1,0
www.tz.de,de,88,0.018771128220991654,0.0,0.022727272727272728,0,2
sicnoticias.pt,pt,39,0.018712166028145034,0.02564102564102564,0.02564102564102564,1,1
maisfutebol.iol.pt,pt,24,0.01870397726694743,0.041666666666666664,0.0,1,0
www.hbvl.be,nl,79,0.018455046641675733,0.02531645569620253,0.012658227848101266,2,1
www.nouvelobs.com,fr,24,0.018420696258544922,0.0,0.0,0,0
www.granadahoy.com,es,29,0.01842028519202923,0.034482758620689655,0.0,1,0
news.google.com,ar,44,0.01834457570856268,0.0,0.045454545454545456,0,2
www.hindutamil.in,ta,20,0.018341732025146485,0.0,0.0,0,0
www3.nhk.or.jp,ja,20,0.01826820373535156,0.0,0.05,0,1
www.newsshopper.co.uk,en,27,0.018252514026783132,0.037037037037037035,0.07407407407407407,1,2
www.mirror.co.uk,en,103,0.01819251347514032,0.019417475728155338,0.0,2,0
www.gnlm.com.mm,en,26,0.018133016733022835,0.038461538461538464,0.0,1,0
www.theage.com.au,en,45,0.018102476331922742,0.022222222222222223,0.044444444444444446,1,2
www.independent.ie,en,32,0.017837941646575928,0.03125,0.03125,1,1
www.yankton.net,en,53,0.017834897311228625,0.0,0.05660377358490566,0,3
www.chronicleonline.com,en,121,0.01779419922631634,0.024793388429752067,0.0,3,0
www.noticiasdenavarra.com,es,75,0.017782516479492187,0.013333333333333334,0.013333333333333334,1,1
www.publico.es,es,50,0.017722301483154297,0.02,0.02,1,1
esporte.ig.com.br,pt,71,0.017682800830250055,0.014084507042253521,0.0,1,0
einvestidor.estadao.com.br,pt,56,0.017669064658028737,0.03571428571428571,0.017857142857142856,2,1
unn.ua,uk,36,0.017639636993408203,0.05555555555555555,0.05555555555555555,2,2
www.newsru.co.il,ru,20,0.017633819580078126,0.05,0.05,1,1
valor.globo.com,pt,82,0.017536523865490424,0.024390243902439025,0.024390243902439025,2,2
www.saanichnews.com,en,21,0.017438979375930058,0.0,0.09523809523809523,0,2
fakti.bg,bg,60,0.017419862747192382,0.016666666666666666,0.03333333333333333,1,2
reddit.com,id,189,0.01739696220115379,0.005291005291005291,0.010582010582010581,1,2
jordantimes.com,en,24,0.017335891723632812,0.041666666666666664,0.0,1,0
www.lne.es,es,98,0.017276092451445912,0.030612244897959183,0.04081632653061224,3,4
forocoches.com,pt,61,0.017270588483966766,0.0,0.01639344262295082,0,1
www.prnewswire.com,en,151,0.017232958054700435,0.026490066225165563,0.019867549668874173,4,3
www.thescottishsun.co.uk,en,100,0.017226829528808593,0.01,0.0,1,0
411mania.com,en,52,0.017206320395836465,0.019230769230769232,0.0,1,0
www.odatv.com,tr,21,0.01707858131045387,0.047619047619047616,0.047619047619047616,1,1
www.ivpressonline.com,en,92,0.01694755968840226,0.010869565217391304,0.043478260869565216,1,4
www.expansion.com,es,24,0.01688989003499349,0.0,0.0,0,0
www.thestar.com,en,180,0.016889444986979165,0.005555555555555556,0.05555555555555555,1,10
www.prothomalo.com,bn,26,0.016864776611328125,0.0,0.038461538461538464,0,1
www.sfexaminer.com,en,76,0.016821246398122686,0.013157894736842105,0.02631578947368421,1,2
arynews.tv,en,20,0.016802358627319335,0.0,0.0,0,0
www.rbc.ua,ru,56,0.016768506595066617,0.03571428571428571,0.017857142857142856,2,1
eluniverso.com,es,120,0.016750097274780273,0.03333333333333333,0.008333333333333333,4,1
www.laopinioncoruna.es,es,77,0.016652961830040076,0.012987012987012988,0.07792207792207792,1,6
bsky.app,nn,23,0.016650365746539574,0.043478260869565216,0.043478260869565216,1,1
rp-online.de,de,46,0.0166333240011464,0.021739130434782608,0.0,1,0
protathlima.cyprustimes.com,el,39,0.016582244481795873,0.02564102564102564,0.0,1,0
www.upi.com,en,45,0.016576004028320313,0.022222222222222223,0.0,1,0
www.ammonnews.net,ar,38,0.016520550376490542,0.0,0.05263157894736842,0,2
trud.bg,bg,37,0.016518128884805215,0.02702702702702703,0.0,1,0
www.reddit.com,et,25,0.016510009765625,0.0,0.0,0,0
www.redditchadvertiser.co.uk,en,22,0.016410914334383877,0.045454545454545456,0.045454545454545456,1,1
www.stheadline.com,zh,191,0.016364986359761025,0.020942408376963352,0.015706806282722512,4,3
www.diariocordoba.com,es,86,0.01635823138924532,0.023255813953488372,0.06976744186046512,2,6
www.reddit.com,eo,74,0.016331002518937394,0.0,0.013513513513513514,0,1
www.ksta.de,de,46,0.016300450200619904,0.021739130434782608,0.0,1,0
www.metrosport.gr,el,76,0.016188596424303557,0.013157894736842105,0.013157894736842105,1,1
haqqin.az,ru,33,0.016162901213674835,0.030303030303030304,0.030303030303030304,1,1
x.com,km,25,0.0160943603515625,0.04,0.04,1,1
www.brisbanetimes.com.au,en,65,0.016079447819636418,0.0,0.015384615384615385,0,1
www.karar.com,tr,81,0.015987937833056038,0.024691358024691357,0.0,2,0
n1info.rs,sr,54,0.01589363592642325,0.0,0.037037037037037035,0,2
pmo.ee,et,27,0.01586878741229022,0.037037037037037035,0.037037037037037035,1,1
www.mehrnews.com,fa,104,0.015849599471459024,0.019230769230769232,0.028846153846153848,2,3
www.estadao.com.br,pt,121,0.015847623840836454,0.01652892561983471,0.008264462809917356,2,1
www.elespanol.com,es,95,0.015780318410773025,0.010526315789473684,0.010526315789473684,1,1
www.navhindtimes.in,en,23,0.01577211462933084,0.0,0.0,0,0
www.bordercountiesadvertizer.co.uk,en,33,0.01572423992734967,0.030303030303030304,0.06060606060606061,1,2
www.aa.com.tr,tr,34,0.015693552353802848,0.029411764705882353,0.029411764705882353,1,1
www.adn40.mx,es,51,0.015668027541216684,0.0196078431372549,0.0392156862745098,1,2
www.hastingstribune.com,en,118,0.015631392850714215,0.00847457627118644,0.05084745762711865,1,6
www.emporiagazette.com,en,31,0.015627891786636844,0.0,0.06451612903225806,0,2
www.swoknews.com,en,129,0.015501244123591933,0.015503875968992248,0.007751937984496124,2,1
eldia.com.do,es,37,0.01530404993005701,0.0,0.05405405405405406,0,2
www.columbiagorgenews.com,en,60,0.015271536509195964,0.016666666666666666,0.0,1,0
www.unian.ua,uk,44,0.015271035107699308,0.022727272727272728,0.022727272727272728,1,1
www.postguam.com,en,64,0.015266656875610352,0.015625,0.0,1,0
www.bfmtv.com,fr,192,0.015249987443288168,0.015625,0.020833333333333332,3,4
www.gazetteherald.co.uk,en,23,0.015214090761931046,0.043478260869565216,0.043478260869565216,1,1
www.nsnews.com,en,105,0.015213702973865328,0.0,0.06666666666666667,0,7
www.mbl.is,is,72,0.015192177560594346,0.013888888888888888,0.0,1,0
www.lavozdealmeria.com,es,32,0.015172690153121948,0.03125,0.0625,1,2
www.ruhrnachrichten.de,de,36,0.01511775122748481,0.0,0.0,0,0
deadline.com,en,37,0.015090684632997255,0.02702702702702703,0.0,1,0
www.reddit.com,no,77,0.015080513892235694,0.0,0.0,0,0
www.freepressjournal.in,en,52,0.015020370483398438,0.019230769230769232,0.0,1,0
www.dailystar.co.uk,en,53,0.015015746062656618,0.018867924528301886,0.0,1,0
news.mingpao.com,zh,197,0.015013205823559446,0.01015228426395939,0.02030456852791878,2,4
www.pakistantoday.com.pk,en,25,0.014992446899414062,0.0,0.0,0,0
www.oregonlive.com,en,40,0.01499037742614746,0.025,0.0,1,0
www.ndtv.com,en,21,0.014980406988234747,0.0,0.0,0,0
www.europe1.fr,fr,41,0.014968081218440359,0.0,0.0,0,0
www.diariosur.es,es,88,0.014936078678477894,0.022727272727272728,0.022727272727272728,2,2
www.dinakaran.com,ta,167,0.014922478955662894,0.005988023952095809,0.005988023952095809,1,1
www.salisburyjournal.co.uk,en,24,0.014901399612426758,0.041666666666666664,0.041666666666666664,1,1
www.postregister.com,en,85,0.014865830365349265,0.0,0.058823529411764705,0,5
www.sgvtribune.com,en,43,0.01483489191809366,0.023255813953488372,0.023255813953488372,1,1
www.rnz.co.nz,en,40,0.014682555198669433,0.025,0.05,1,2
forocoches.com,it,64,0.014661043882369995,0.0,0.0,0,0
www.eldiariomontanes.es,es,23,0.014644000841223675,0.043478260869565216,0.043478260869565216,1,1
www.expressen.se,sv,54,0.014638176670780888,0.037037037037037035,0.037037037037037035,2,2
www.elcorreo.com,es,46,0.014615597932235054,0.021739130434782608,0.0,1,0
il.investing.com,he,84,0.01453006835210891,0.0,0.0,0,0
www.masrawy.com,ar,112,0.014509260654449463,0.008928571428571428,0.0,1,0
reddit.com,mk,22,0.014461473985151812,0.0,0.0,0,0
www.falmouthpacket.co.uk,en,27,0.014452263160988136,0.037037037037037035,0.037037037037037035,1,1
www.laopiniondezamora.es,es,77,0.014364576958990717,0.012987012987012988,0.06493506493506493,1,5
www.hamhigh.co.uk,en,28,0.014351981026785714,0.03571428571428571,0.03571428571428571,1,1
tr.investing.com,tr,49,0.014343650973573024,0.02040816326530612,0.0,1,0
www.ilfattoquotidiano.it,it,23,0.014336295749830164,0.0,0.0,0,0
wydarzenia.interia.pl,pl,21,0.014263698032924108,0.0,0.0,0,0
www.en.etemaaddaily.com,en,38,0.014228620027240953,0.0,0.02631578947368421,0,1
www.ilmessaggero.it,it,25,0.014202499389648437,0.04,0.04,1,1
www.mercurynews.com,en,65,0.014169869056114783,0.0,0.03076923076923077,0,2
www.cnn.com,en,40,0.014159679412841797,0.0,0.025,0,1
hondudiario.com,es,22,0.014132976531982422,0.045454545454545456,0.045454545454545456,1,1
www.idahostatejournal.com,en,83,0.014069132058017225,0.0,0.024096385542168676,0,2
lenta.ru,ru,102,0.013972095414703968,0.00980392156862745,0.00980392156862745,1,1
www.standartnews.com,bg,39,0.01393875708946815,0.0,0.05128205128205128,0,2
abcnews.go.com,en,53,0.013872506483545844,0.0,0.03773584905660377,0,2
www.dnronline.com,en,47,0.013819958301300698,0.02127659574468085,0.0425531914893617,1,2
www.huffpost.com,en,24,0.013793627421061197,0.0,0.041666666666666664,0,1
www.elcorreoweb.es,es,53,0.013735483277518794,0.018867924528301886,0.0,1,0
al-ain.com,ar,84,0.01370753560747419,0.011904761904761904,0.047619047619047616,1,4
tocka.com.mk,mk,30,0.013702011108398438,0.0,0.03333333333333333,0,1
www.dostor.org,ar,276,0.013668374738831451,0.010869565217391304,0.0036231884057971015,3,1
alghad.com,ar,30,0.01360324223836263,0.0,0.03333333333333333,0,1
www.burnabynow.com,en,123,0.013593479869811515,0.008130081300813009,0.04065040650406504,1,5
www.zougla.gr,el,52,0.013536783365102915,0.019230769230769232,0.038461538461538464,1,2
www.richmond-news.com,en,108,0.013531110904834888,0.0,0.046296296296296294,0,5
www.elperiodicoextremadura.com,es,85,0.013508404002470128,0.0,0.058823529411764705,0,5
www.pressherald.com,en,34,0.013457186081830193,0.029411764705882353,0.0,1,0
www.pravda.ru,ru,29,0.01341924996211611,0.034482758620689655,0.0,1,0
www.reformer.com,en,66,0.013402837695497456,0.015151515151515152,0.0,1,0
ktla.com,en,23,0.013360728388247282,0.0,0.0,0,0
phys.org,en,69,0.013327833535014719,0.014492753623188406,0.028985507246376812,1,2
nj1015.com,en,24,0.013253927230834961,0.0,0.041666666666666664,0,1
ominho.pt,pt,29,0.013211513387745824,0.034482758620689655,0.0,1,0
www.clickondetroit.com,en,47,0.01320629931510763,0.0,0.02127659574468085,0,1
halktv.com.tr,tr,81,0.013199217525529272,0.012345679012345678,0.0,1,0
www.elcolombiano.com,es,43,0.013191578000090843,0.0,0.0,0,0
www.vicnews.com,en,20,0.0131256103515625,0.0,0.05,0,1
www.dinamani.com,ta,130,0.013083663353553186,0.0,0.007692307692307693,0,1
www.dailynews.com,en,44,0.013032523068514738,0.022727272727272728,0.022727272727272728,1,1
entrelineas.com.mx,es,72,0.013026581870185005,0.027777777777777776,0.0,2,0
www.straitstimes.com,en,55,0.012959775057705967,0.01818181818181818,0.01818181818181818,1,1
chicago.suntimes.com,en,26,0.01295918684739333,0.0,0.038461538461538464,0,1
www.informacion.es,es,21,0.012895357041131882,0.0,0.047619047619047616,0,1
ar.hibapress.com,ar,39,0.012831810193184095,0.02564102564102564,0.02564102564102564,1,1
hindi.theprint.in,hi,54,0.012741336116084346,0.018518518518518517,0.0,1,0
www.nvdaily.com,en,23,0.012699210125467052,0.0,0.043478260869565216,0,1
bsky.app,te,28,0.012689454214913505,0.0,0.0,0,0
www.wdtimes.com,en,46,0.012660524119501528,0.0,0.0,0,0
ekstrabladet.dk,da,52,0.012651443481445312,0.019230769230769232,0.0,1,0
www.ferplei.com,es,23,0.012615245321522589,0.0,0.0,0,0
www.themirror.com,en,40,0.01259753704071045,0.0,0.025,0,1
www.elvocero.com,es,42,0.012579077766055153,0.023809523809523808,0.0,1,0
triblive.com,en,22,0.012563488700173119,0.0,0.0,0,0
al3omk.com,ar,24,0.012525280316670736,0.0,0.041666666666666664,0,1
www.ambito.com,es,74,0.012498765378384976,0.013513513513513514,0.0,1,0
ca.sports.yahoo.com,en,65,0.012462850717397837,0.015384615384615385,0.046153846153846156,1,3
nv.ua,uk,57,0.012449632611191063,0.017543859649122806,0.017543859649122806,1,1
www.babnet.net,ar,29,0.01241552418675916,0.0,0.0,0,0
kdhnews.com,en,31,0.012409548605642012,0.0,0.03225806451612903,0,1
magyarnemzet.hu,hu,44,0.012390396811745384,0.0,0.0,0,0
www.yakimaherald.com,en,56,0.012374537331717355,0.0,0.03571428571428571,0,2
www.theweek.in,en,32,0.012346208095550537,0.0,0.0,0,0
www.mk.ru,ru,63,0.012335489666651166,0.015873015873015872,0.015873015873015872,1,1
www.abc.es,es,156,0.01225882921463404,0.01282051282051282,0.00641025641025641,2,1
www.milligazete.com.tr,tr,42,0.012194951375325521,0.0,0.023809523809523808,0,1
www.reddit.com,ur,40,0.012166166305541992,0.0,0.0,0,0
www.sabah.com.tr,tr,33,0.01216004111550071,0.0,0.030303030303030304,0,1
www.adressa.no,no,20,0.012117910385131835,0.0,0.0,0,0
www.fr.de,de,93,0.0121043215515793,0.010752688172043012,0.0,1,0
www.elperiodicodearagon.com,es,99,0.012003484398427636,0.0,0.050505050505050504,0,5
albeu.com,sq,21,0.011997313726515997,0.0,0.0,0,0
sportal.blic.rs,sr,31,0.011966520740139869,0.0,0.03225806451612903,0,1
www.nwemail.co.uk,en,35,0.011827523367745535,0.02857142857142857,0.02857142857142857,1,1
remolacha.net,es,33,0.011818423415675308,0.0,0.0,0,0
www.countypress.co.uk,en,20,0.011789417266845703,0.0,0.05,0,1
www.pasadenastarnews.com,en,41,0.011767038484899009,0.024390243902439025,0.024390243902439025,1,1
g1.globo.com,pt,217,0.011760421612295686,0.009216589861751152,0.009216589861751152,2,2
www.15min.lt,lt,25,0.01175678253173828,0.04,0.04,1,1
lemmy.sdf.org,en,33,0.011750134554776278,0.030303030303030304,0.030303030303030304,1,1
news.yahoo.co.jp,ja,269,0.0117213805811999,0.0037174721189591076,0.007434944237918215,1,2
bocabeacon.com,en,30,0.011721102396647136,0.0,0.0,0,0
www.elnorte.com,es,53,0.011711408507149175,0.018867924528301886,0.0,1,0
gong.bg,bg,60,0.01170047124226888,0.016666666666666666,0.0,1,0
www.iltalehti.fi,fi,60,0.011700328191121418,0.016666666666666666,0.03333333333333333,1,2
www.ledevoir.com,fr,27,0.011687667281539351,0.0,0.0,0,0
www.libertaddigital.com,es,22,0.011652469635009766,0.0,0.0,0,0
www.digi24.ro,ro,31,0.01159098840528919,0.0,0.03225806451612903,0,1
www.dailysentinel.com,en,22,0.01156893643465909,0.0,0.0,0,0
www.irishexaminer.com,en,23,0.011540454366932745,0.0,0.0,0,0
x.com,ie,81,0.011530652458285108,0.0,0.012345679012345678,0,1
www.princegeorgecitizen.com,en,111,0.011511708165074254,0.0,0.036036036036036036,0,4
www.record.pt,pt,95,0.01150230608488384,0.0,0.0,0,0
odia.ig.com.br,pt,184,0.011497767075248386,0.010869565217391304,0.0,2,0
peru21.pe,es,31,0.011491590930569557,0.0,0.0,0,0
www.skai.gr,el,57,0.011401544537460595,0.0,0.03508771929824561,0,2
www.diariodesevilla.es,es,39,0.011392837915665064,0.0,0.02564102564102564,0,1
www.asahi.com,ja,20,0.011351490020751953,0.0,0.0,0,0
x.com,an,178,0.0113186782665467,0.0056179775280898875,0.0056179775280898875,1,1
www.dailyrecord.co.uk,en,40,0.011274003982543945,0.0,0.0,0,0
www.thenews.com.pk,en,20,0.011252975463867188,0.0,0.05,0,1
news.day.az,ru,20,0.011218929290771484,0.0,0.05,0,1
www.lateja.cr,es,33,0.011183825406161222,0.0,0.0,0,0
elbashayer.com,ar,32,0.0111541748046875,0.0,0.0,0,0
observador.pt,pt,48,0.011123836040496826,0.020833333333333332,0.020833333333333332,1,1
dailytimes.com.pk,en,30,0.011043039957682292,0.0,0.03333333333333333,0,1
www.wprost.pl,pl,24,0.01103520393371582,0.0,0.0,0,0
www.malagahoy.es,es,51,0.01103509641161152,0.0,0.0196078431372549,0,1
hihi2.com,ar,111,0.011005582036198797,0.018018018018018018,0.009009009009009009,2,1
www.ipswichstar.co.uk,en,29,0.010999186285610857,0.0,0.034482758620689655,0,1
es.investing.com,es,160,0.01089622974395752,0.00625,0.00625,1,1
www.diariodemallorca.es,es,34,0.01088386423447553,0.0,0.029411764705882353,0,1
bsky.app,km,139,0.010838254750203743,0.0,0.0,0,0
www.dn.se,sv,34,0.0108185936422909,0.0,0.0,0,0
www.newser.com,en,20,0.010795307159423829,0.0,0.0,0,0
news.detik.com,id,20,0.010764312744140626,0.0,0.0,0,0
www.the-sun.com,en,42,0.010742278326125372,0.023809523809523808,0.023809523809523808,1,1
www.lindependant.fr,fr,22,0.010737505826083097,0.0,0.0,0,0
www.reddit.com,sl,25,0.010737113952636719,0.0,0.0,0,0
tn.ai,fa,49,0.010648669028768733,0.0,0.0,0,0
www.capitalgazette.com,en,42,0.010643890925816126,0.0,0.023809523809523808,0,1
www.bostonherald.com,en,49,0.010638528940628986,0.0,0.02040816326530612,0,1
dailypost.ng,en,38,0.01050366853412829,0.0,0.0,0,0
russian.rt.com,ru,169,0.010444646756324543,0.005917159763313609,0.01775147928994083,1,3
www.thetimes.com,en,54,0.01042938232421875,0.018518518518518517,0.018518518518518517,1,1
www.rainews.it,it,35,0.010308320181710379,0.0,0.0,0,0
www.nbcsports.com,en,81,0.0102229059478383,0.012345679012345678,0.0,1,0
www.express.co.uk,en,74,0.010189172383901235,0.013513513513513514,0.013513513513513514,1,1
www.hollywoodreporter.com,en,37,0.010179596978264887,0.0,0.0,0,0
www.diariodejerez.es,es,25,0.010179595947265625,0.0,0.0,0,0
www.ttownmedia.com,en,41,0.010171611134598895,0.0,0.0,0,0
www.naijanews.com,en,33,0.010151545206705729,0.0,0.0,0,0
www.in.gr,el,45,0.010130606757269966,0.0,0.022222222222222223,0,1
www.eldia.es,es,101,0.010115226896682589,0.019801980198019802,0.0297029702970297,2,3
www.thesunchronicle.com,en,61,0.010100521025110464,0.01639344262295082,0.01639344262295082,1,1
www.lowellsun.com,en,50,0.01007221221923828,0.02,0.02,1,1
www.eldia.com,es,23,0.010005826535432236,0.0,0.043478260869565216,0,1
mundonow.com,es,23,0.009952793950619905,0.0,0.0,0,0
www.ideal.es,es,37,0.009863801904626796,0.02702702702702703,0.02702702702702703,1,1
actualidad.rt.com,es,29,0.009858789115116513,0.0,0.034482758620689655,0,1
www.timesherald.com,en,42,0.009851024264381045,0.0,0.023809523809523808,0,1
www.abola.pt,pt,60,0.009840075174967449,0.016666666666666666,0.0,1,0
www.deccanchronicle.com,en,90,0.009825844234890408,0.0,0.0,0,0
tribuneonlineng.com,en,39,0.009807782295422677,0.0,0.0,0,0
as.com,es,89,0.00978320903992385,0.0,0.033707865168539325,0,3
gizmodo.com,en,31,0.00973316930955456,0.0,0.0,0,0
borneobulletin.com.bn,en,30,0.009721946716308594,0.0,0.03333333333333333,0,1
www.b92.net,sr,125,0.009692634582519531,0.008,0.016,1,2
www.gazetadopovo.com.br,pt,40,0.009687137603759766,0.0,0.025,0,1
charter97.org,ru,46,0.00967933820641559,0.021739130434782608,0.021739130434782608,1,1
www.thisislocallondon.co.uk,en,40,0.009671735763549804,0.0,0.025,0,1
www.thederrick.com,en,68,0.009653413996976964,0.014705882352941176,0.014705882352941176,1,1
www.toledoblade.com,en,20,0.009645843505859375,0.0,0.0,0,0
cursorinfo.co.il,ru,52,0.009638712956355168,0.0,0.0,0,0
www.repubblica.it,it,25,0.009615631103515624,0.0,0.0,0,0
www.kicker.de,de,54,0.009599932917842158,0.0,0.0,0,0
uk.sports.yahoo.com,en,92,0.009565332661504332,0.0,0.010869565217391304,0,1
www.columbian.com,en,20,0.009512948989868163,0.0,0.0,0,0
thesun.ng,en,37,0.009447458628061655,0.0,0.0,0,0
www.entekhab.ir,fa,31,0.00943571521389869,0.0,0.0,0,0
independent.ng,en,20,0.009404468536376952,0.0,0.05,0,1
www.larazon.es,es,60,0.00937946637471517,0.016666666666666666,0.016666666666666666,1,1
www.nbcnews.com,en,39,0.00931221399551783,0.0,0.0,0,0
www.elmundo.es,es,42,0.009301162901378814,0.0,0.0,0,0
www.leggo.it,it,27,0.009224503128616899,0.0,0.0,0,0
www.24sata.hr,hr,64,0.009183436632156372,0.015625,0.015625,1,1
www.index.hr,hr,116,0.009182666910105738,0.008620689655172414,0.0,1,0
www.tvn-2.com,es,39,0.00917358887501252,0.0,0.02564102564102564,0,1
www.24chasa.bg,bg,69,0.009163980898649796,0.0,0.028985507246376812,0,2
eldeber.com.bo,es,38,0.009069141588712993,0.0,0.02631578947368421,0,1
botasot.info,sq,190,0.009055499026649877,0.005263157894736842,0.021052631578947368,1,4
www.devdiscourse.com,en,76,0.009049867328844573,0.0,0.0,0,0
www.n-tv.de,de,37,0.009013536814096812,0.0,0.0,0,0
www.tv2.no,no,21,0.008932794843401228,0.0,0.0,0,0
www.fosonline.gr,el,57,0.00892933628015351,0.0,0.017543859649122806,0,1
www.slovenskenovice.si,sl,25,0.008850135803222657,0.0,0.0,0,0
www.chicagotribune.com,en,47,0.008843462517920961,0.0,0.02127659574468085,0,1
talksport.com,en,20,0.00882577896118164,0.0,0.0,0,0
www.nrk.no,no,25,0.008785552978515625,0.0,0.0,0,0
www.laopiniondemurcia.es,es,68,0.008774406769696404,0.014705882352941176,0.014705882352941176,1,1
www.cbsnews.com,en,61,0.00876476725593942,0.0,0.0,0,0
www.chronline.com,en,35,0.008759008135114398,0.0,0.02857142857142857,0,1
www.eastbaytimes.com,en,69,0.00875643025273862,0.0,0.0,0,0
guardian.ng,en,59,0.00875506966801013,0.0,0.01694915254237288,0,1
www.infomoney.com.br,pt,67,0.008722333765741604,0.014925373134328358,0.014925373134328358,1,1
www.rrdailyherald.com,en,30,0.008714580535888672,0.0,0.0,0,0
www.isna.ir,fa,101,0.008681429494725595,0.0,0.0297029702970297,0,3
www.voetbalkrant.com,nl,35,0.008677128383091518,0.0,0.02857142857142857,0,1
www.webtekno.com,tr,32,0.008668303489685059,0.0,0.03125,0,1
jurnalul.ro,ro,44,0.008662397211248224,0.0,0.0,0,0
torontosun.com,en,48,0.008650978406270346,0.0,0.020833333333333332,0,1
www.superdeporte.es,es,59,0.008588112006753178,0.0,0.03389830508474576,0,2
ura.news,ru,68,0.008585719501270968,0.014705882352941176,0.0,1,0
www.closermag.fr,fr,22,0.008571624755859375,0.0,0.0,0,0
br.investing.com,pt,82,0.00855655204959032,0.0,0.0,0,0
nl.investing.com,nl,48,0.008552233378092447,0.0,0.020833333333333332,0,1
www.realestate.com.au,en,20,0.008542442321777343,0.0,0.0,0,0
www.nachrichten.at,de,25,0.00848968505859375,0.0,0.0,0,0
sport.ua,ru,90,0.008488199445936415,0.022222222222222223,0.022222222222222223,2,2
www.senenews.com,fr,35,0.008484050205775669,0.0,0.0,0,0
nos.nl,nl,24,0.008465925852457682,0.0,0.0,0,0
www.ottumwacourier.com,en,41,0.008444134782000286,0.0,0.0,0,0
www.metroecuador.com.ec,es,43,0.008440749589786974,0.023255813953488372,0.023255813953488372,1,1
www.rockdalenewtoncitizen.com,en,45,0.00839837392171224,0.0,0.022222222222222223,0,1
www.popsugar.com,en,25,0.008392906188964844,0.0,0.0,0,0
vm.ru,ru,25,0.008360481262207032,0.0,0.0,0,0
www.origo.hu,hu,25,0.008350791931152344,0.0,0.0,0,0
www.srf.ch,de,23,0.00829841779625934,0.0,0.0,0,0
stirileprotv.ro,ro,20,0.008293247222900391,0.0,0.0,0,0
sportando.basketball,it,27,0.008283685754846644,0.0,0.0,0,0
www.aftenposten.no,no,25,0.0082830810546875,0.0,0.0,0,0
www.sn.at,de,29,0.008282299699454472,0.0,0.0,0,0
www.liberation.fr,fr,33,0.008276361407655659,0.0,0.0,0,0
www.twincities.com,en,46,0.00825264142907184,0.0,0.021739130434782608,0,1
www.latimes.com,en,39,0.00821839846097506,0.0,0.0,0,0
7news.com.au,en,23,0.008212131002674932,0.0,0.0,0,0
aawsat.com,ar,36,0.0081838501824273,0.0,0.027777777777777776,0,1
www.idnes.cz,cs,23,0.008182193921959919,0.0,0.0,0,0
www.pagina12.com.ar,es,30,0.008173688252766927,0.0,0.0,0,0
punchng.com,en,54,0.008173395086217809,0.0,0.0,0,0
www.record-eagle.com,en,45,0.008149549696180555,0.0,0.0,0,0
www.reddit.com,el,22,0.008146025917746803,0.0,0.0,0,0
www.khaberni.com,ar,30,0.008145586649576823,0.0,0.03333333333333333,0,1
www.lalaziosiamonoi.it,it,21,0.008123670305524553,0.0,0.0,0,0
www.publico.pt,pt,50,0.008110065460205079,0.0,0.02,0,1
financialpost.com,en,42,0.008098806653703963,0.0,0.0,0,0
www.varmatin.com,fr,20,0.008093452453613282,0.0,0.0,0,0
www.gazetasp.com.br,pt,27,0.008068649857132524,0.0,0.0,0,0
jornaleconomico.sapo.pt,pt,27,0.008067095721209491,0.0,0.0,0,0
www.elcorreogallego.es,es,70,0.008053016662597657,0.0,0.014285714285714285,0,1
www.henryherald.com,en,41,0.008029332975061929,0.0,0.0,0,0
www.haberturk.com,tr,61,0.007905678670914447,0.0,0.01639344262295082,0,1
www.heraldbulletin.com,en,23,0.007879008417544157,0.0,0.0,0,0
www.vedomosti.ru,ru,30,0.0078081448872884115,0.0,0.03333333333333333,0,1
gr.investing.com,el,52,0.007791555844820463,0.0,0.0,0,0
www.elsoldetlaxcala.com.mx,es,20,0.007785177230834961,0.0,0.0,0,0
ultimasnoticias.com.ve,es,64,0.0077436864376068115,0.0,0.015625,0,1
www.readingchronicle.co.uk,en,21,0.007719312395368304,0.0,0.0,0,0
www.news-daily.com,en,28,0.007658958435058594,0.0,0.0,0,0
www.aa.com.tr,ar,30,0.0076313018798828125,0.0,0.03333333333333333,0,1
panow.com,en,40,0.0076181888580322266,0.0,0.0,0,0
trome.com,es,25,0.007606277465820313,0.0,0.0,0,0
www.elbalad.news,ar,288,0.007602367136213515,0.003472222222222222,0.003472222222222222,1,1
www.elplural.com,es,23,0.007574537526006284,0.0,0.0,0,0
www.dhnet.be,fr,38,0.0075358089647795026,0.0,0.02631578947368421,0,1
www.ansa.it,it,49,0.007513571758659518,0.0,0.0,0,0
www.blic.rs,sr,53,0.007499190996278007,0.0,0.0,0,0
www.cbc.ca,en,79,0.007495554187629796,0.0,0.0,0,0
ria.ru,ru,109,0.00745815312096832,0.0,0.0,0,0
www.elnortedecastilla.es,es,56,0.00745516163962228,0.0,0.0,0,0
www.stroudnewsandjournal.co.uk,en,22,0.00744871659712358,0.0,0.0,0,0
vanguardia.com.mx,es,106,0.007426279895710495,0.0,0.009433962264150943,0,1
www.courant.com,en,70,0.007408373696463449,0.014285714285714285,0.014285714285714285,1,1
www.therecord.com,en,104,0.007407344304598295,0.0,0.009615384615384616,0,1
sport.tvp.pl,pl,26,0.0074059413029597355,0.0,0.0,0,0
rtcg.me,sr,24,0.007375876108805339,0.0,0.0,0,0
www.thespec.com,en,57,0.007365695217199493,0.0,0.017543859649122806,0,1
www.whittierdailynews.com,en,46,0.007364480391792629,0.0,0.0,0,0
www.birgun.net,tr,25,0.007360153198242188,0.0,0.0,0,0
www.greaterkashmir.com,en,78,0.007342240749261318,0.0,0.0,0,0
www.gbtribune.com,en,29,0.00730432313064049,0.0,0.0,0,0
www.ulusal.com.tr,tr,21,0.0072507404145740325,0.0,0.0,0,0
apa.az,az,30,0.007243601481119791,0.0,0.0,0,0
www.20minutos.es,es,74,0.007237911224365234,0.0,0.0,0,0
news.stv.tv,en,21,0.0072271256219773065,0.0,0.0,0,0
news.sportbox.ru,ru,63,0.00722685314360119,0.0,0.0,0,0
www.elsoldetijuana.com.mx,es,21,0.00720419202532087,0.0,0.0,0,0
www.gulf-times.com,en,74,0.007193101418984903,0.0,0.013513513513513514,0,1
www.vijesti.ba,hr,29,0.007172551648370151,0.0,0.0,0,0
www.aksam.com.tr,tr,51,0.007166208005418964,0.0,0.0,0,0
www.elcomercio.es,es,53,0.007152503391481795,0.0,0.0,0,0
www.mtdemocrat.com,en,63,0.0071455637613932295,0.0,0.0,0,0
newtelegraphng.com,en,37,0.007143690779402449,0.0,0.0,0,0
www.elsoldemorelia.com.mx,es,26,0.007139719449556791,0.0,0.0,0,0
www.fanpage.it,it,60,0.00711816151936849,0.0,0.016666666666666666,0,1
www.lequipe.fr,fr,30,0.007100836435953776,0.0,0.03333333333333333,0,1
www.slobodna-bosna.ba,hr,69,0.007087265235790308,0.0,0.0,0,0
www.dailylocal.com,en,37,0.007081547298946896,0.0,0.0,0,0
www.albawabhnews.com,ar,124,0.007036086051694809,0.008064516129032258,0.0,1,0
www.portfolio.hu,hu,33,0.007023637945001776,0.0,0.0,0,0
www.dailyfreeman.com,en,53,0.006986923937527639,0.0,0.018867924528301886,0,1
www.nicematin.com,fr,23,0.0069589200227156926,0.0,0.0,0,0
globalnews.ca,en,56,0.006935051509312221,0.0,0.0,0,0
sintesis.com.mx,es,22,0.006923415444113992,0.0,0.0,0,0
vecer.mk,mk,24,0.006922006607055664,0.0,0.0,0,0
www.tv100.com,tr,26,0.0069153125469501205,0.0,0.0,0,0
www.ondacero.es,es,38,0.006911428351151316,0.0,0.0,0,0
ladiaria.com.uy,es,21,0.006893112545921689,0.0,0.0,0,0
www.reflector.com,en,31,0.00686691653343939,0.0,0.0,0,0
www.cuatro.com,es,26,0.00684661131638747,0.0,0.0,0,0
infomax.mk,mk,28,0.00682483400617327,0.0,0.0,0,0
www.canarias7.es,es,26,0.006818991440993089,0.0,0.0,0,0
rtcg.me,hr,35,0.006809343610491072,0.0,0.0,0,0
www.al-madina.com,ar,50,0.0067866134643554685,0.0,0.0,0,0
abc7.com,en,26,0.00678410896888146,0.0,0.0,0,0
www.startribune.com,en,23,0.006779048753821332,0.0,0.0,0,0
www.mississippivalleypublishing.com,en,24,0.006774743398030599,0.0,0.0,0,0
www.dailydemocrat.com,en,48,0.00676812728246053,0.0,0.0,0,0
naslovi.net,sr,130,0.0067401299109825724,0.0,0.0,0,0
www.birminghammail.co.uk,en,38,0.006724156831440173,0.0,0.0,0,0
www.khabarvarzeshi.com,fa,36,0.006686687469482422,0.0,0.0,0,0
www.odt.co.nz,en,29,0.006678482581829202,0.0,0.0,0,0
www.mopo.de,de,32,0.00667184591293335,0.0,0.0,0,0
www.francebleu.fr,fr,51,0.0066492791269339765,0.0,0.0,0,0
www.elcomercio.com,es,38,0.006648364819978413,0.0,0.0,0,0
www.leaderlive.co.uk,en,21,0.006645384288969494,0.0,0.0,0,0
shootandgoal.cyprustimes.com,el,41,0.0065824462146293825,0.0,0.0,0,0
www.elimparcial.com,es,199,0.006580846393527697,0.005025125628140704,0.0,1,0
www.stcatharinesstandard.ca,en,90,0.0065769831339518225,0.0,0.011111111111111112,0,1
www.pottsmerc.com,en,44,0.006573893807151101,0.0,0.0,0,0
www.elaosboa.com,ar,37,0.006554113852011191,0.0,0.0,0,0
www.dailybreeze.com,en,37,0.006538004488558383,0.0,0.0,0,0
www.sun-sentinel.com,en,43,0.006515059360238009,0.0,0.0,0,0
www.shropshirestar.com,en,23,0.006481004797894022,0.0,0.0,0,0
www.oneidadispatch.com,en,35,0.006473568507603236,0.0,0.0,0,0
www.boston.com,en,21,0.0064532870338076635,0.0,0.0,0,0
dailyhive.com,en,41,0.0064153206057664825,0.0,0.0,0,0
www.timescall.com,en,45,0.006393580966525607,0.0,0.0,0,0
www.billboard.com,en,57,0.006389500802023369,0.0,0.0,0,0
www.businessinsider.nl,en,22,0.0063880573619495735,0.0,0.0,0,0
www.publimetro.co,es,37,0.006347604700036951,0.0,0.0,0,0
www.europapress.es,es,35,0.006341552734375,0.0,0.0,0,0
naszdziennik.pl,pl,23,0.006335548732591712,0.0,0.0,0,0
opinion.al,sq,39,0.006322518373147035,0.0,0.0,0,0
www.sootoday.com,en,75,0.006310920715332031,0.0,0.0,0,0
www.liverpoolecho.co.uk,en,41,0.006269361914657965,0.0,0.0,0,0
www.gazzetta.gr,el,100,0.006268558502197266,0.0,0.0,0,0
champion.com.ua,uk,48,0.006265878677368164,0.0,0.0,0,0
www.diariovasco.com,es,39,0.006225316952436398,0.0,0.0,0,0
www.publimetro.com.mx,es,91,0.006219308454911788,0.0,0.0,0,0
www.one.co.il,he,37,0.00621744104333826,0.0,0.0,0,0
www.milannews.it,it,64,0.006200075149536133,0.0,0.015625,0,1
www.elsoldepuebla.com.mx,es,39,0.006164061717497997,0.0,0.0,0,0
www.digitaltrends.com,en,32,0.006155550479888916,0.0,0.0,0,0
tass.ru,ru,216,0.00614158312479655,0.0,0.0,0,0
www.nsctotal.com.br,pt,72,0.0061367882622612845,0.0,0.0,0,0
gvwire.com,en,27,0.006116584495261863,0.0,0.0,0,0
www.ahaber.com.tr,tr,27,0.006111286304615162,0.0,0.0,0,0
www.eadt.co.uk,en,26,0.006110338064340444,0.0,0.0,0,0
www.silive.com,en,21,0.006103697277250744,0.0,0.0,0,0
www.justjared.com,en,24,0.006096045176188151,0.0,0.0,0,0
larazon.pe,es,23,0.0060936471690302306,0.0,0.0,0,0
www.novilist.hr,hr,39,0.006074880942320213,0.0,0.0,0,0
www.guardian-series.co.uk,en,23,0.006061346634574558,0.0,0.0,0,0
elpais.com,es,40,0.0060366630554199215,0.0,0.0,0,0
www.adengad.net,ar,37,0.006032634425807644,0.0,0.0,0,0
rr.sapo.pt,pt,67,0.006021371528283873,0.0,0.0,0,0
www.zurnal.rs,sr,27,0.005985754507559317,0.0,0.0,0,0
onedio.com,tr,83,0.005977148033050169,0.0,0.0,0,0
abc7chicago.com,en,20,0.005969429016113281,0.0,0.0,0,0
www.calciomercato.com,it,37,0.0059507215345228045,0.0,0.0,0,0
pl.investing.com,pl,63,0.0059369707864428325,0.0,0.0,0,0
www.clarin.com,es,92,0.005936145782470703,0.0,0.0,0,0
www.sportsnet.ca,en,45,0.005934354994032118,0.0,0.0,0,0
www.mundodeportivo.com,es,82,0.005930202763255049,0.0,0.0,0,0
www.visir.is,is,51,0.005928731432148055,0.0,0.0,0,0
www.burytimes.co.uk,en,26,0.0059217306283804085,0.0,0.0,0,0
news.ltn.com.tw,en,20,0.005913257598876953,0.0,0.0,0,0
www.usmagazine.com,en,48,0.00588234265645345,0.0,0.0,0,0
www.elsoldemexico.com.mx,es,30,0.005870755513509115,0.0,0.0,0,0
www.pilotonline.com,en,38,0.005867732198614823,0.0,0.0,0,0
www.times-standard.com,en,27,0.0058415377581561055,0.0,0.0,0,0
www.mlive.com,en,72,0.005833188692728679,0.0,0.0,0,0
slobodnadalmacija.hr,hr,92,0.00583251662876295,0.0,0.010869565217391304,0,1
news.rambler.ru,ru,21,0.0058298565092540925,0.0,0.0,0,0
www.albanyherald.com,en,52,0.005809123699481671,0.0,0.0,0,0
www.sthelensstar.co.uk,en,21,0.0058040618896484375,0.0,0.0,0,0
www.manchestereveningnews.co.uk,en,74,0.005792669347814612,0.0,0.0,0,0
www.northwalespioneer.co.uk,en,24,0.005765000979105632,0.0,0.0,0,0
www.theoaklandpress.com,en,41,0.005757704013731421,0.0,0.0,0,0
www.mylondon.news,en,20,0.00573272705078125,0.0,0.0,0,0
444.hu,hu,20,0.0057281494140625,0.0,0.0,0,0
www.ice.co.il,he,40,0.00567469596862793,0.0,0.0,0,0
www.reporterherald.com,en,32,0.005669951438903809,0.0,0.0,0,0
www.timesheraldonline.com,en,31,0.005665779113769531,0.0,0.0,0,0
www.rbc.ru,ru,56,0.0056591033935546875,0.0,0.0,0,0
www.hoy.es,es,49,0.005633470963458626,0.0,0.0,0,0
www.ilkleygazette.co.uk,en,20,0.005617523193359375,0.0,0.0,0,0
www.thereporter.com,en,31,0.005616926377819431,0.0,0.0,0,0
esto.com.mx,es,20,0.005564737319946289,0.0,0.0,0,0
www.bbc.com,en,40,0.005548787117004394,0.0,0.0,0,0
theprint.in,en,20,0.005530738830566406,0.0,0.0,0,0
sport.alo.rs,sr,25,0.005523223876953125,0.0,0.0,0,0
www.iprofesional.com,es,27,0.00552315182156033,0.0,0.0,0,0
www.chicoer.com,en,38,0.005520644940828022,0.0,0.0,0,0
www.voetbalprimeur.nl,nl,37,0.005495329160948057,0.0,0.0,0,0
pmo.ee,lv,20,0.005477428436279297,0.0,0.0,0,0
www.citizentribune.com,en,36,0.005470222896999783,0.0,0.0,0,0
www.telegraf.rs,sr,60,0.005464871724446614,0.0,0.0,0,0
www.mcall.com,en,48,0.005425075689951579,0.0,0.0,0,0
www.trthaber.com,tr,38,0.005412126842298005,0.0,0.0,0,0
www.marca.com,en,64,0.005410775542259216,0.0,0.0,0,0
www.lalibre.be,fr,20,0.005380582809448242,0.0,0.0,0,0
www.elcordillerano.com.ar,es,27,0.005353998254846643,0.0,0.0,0,0
www.sportschau.de,de,21,0.005345480782645089,0.0,0.0,0,0
www.orovillemr.com,en,28,0.0053255898611886164,0.0,0.0,0,0
www.expressandstar.com,en,25,0.0053119659423828125,0.0,0.0,0,0
cinepop.com.br,pt,41,0.005310849445622142,0.0,0.0,0,0
www.today.it,it,35,0.005298777988978795,0.0,0.0,0,0
www.jutarnji.hr,hr,38,0.005292917552747224,0.0,0.0,0,0
www.abendzeitung-muenchen.de,de,24,0.0052280426025390625,0.0,0.0,0,0
www.eldiario.es,es,31,0.0052190903694398945,0.0,0.0,0,0
www.leonoticias.com,es,24,0.005215167999267578,0.0,0.0,0,0
www.tportal.hr,hr,66,0.00519041581587358,0.0,0.0,0,0
www.thestar.com.my,en,36,0.0051686763763427734,0.0,0.0,0,0
www.dan.co.me,sr,27,0.005159766585738571,0.0,0.0,0,0
www.tmz.com,en,20,0.005156612396240235,0.0,0.0,0,0
www.prensa-latina.cu,es,64,0.005151331424713135,0.0,0.0,0,0
www.travelandtourworld.com,en,30,0.00513156255086263,0.0,0.0,0,0
www.estrepublicain.fr,fr,61,0.005122559969542456,0.0,0.0,0,0
www.lemonde.fr,fr,32,0.005122244358062744,0.0,0.0,0,0
www.elnuevodia.com,es,43,0.005118458770042242,0.0,0.0,0,0
www.telegram.hr,hr,26,0.005099443288949819,0.0,0.0,0,0
www.dailytribune.com,en,42,0.005091008685884022,0.0,0.0,0,0
www.milenio.com,es,178,0.0050892186968514086,0.0,0.0,0,0
natlawreview.com,en,40,0.005084323883056641,0.0,0.0,0,0
www.standard.co.uk,en,45,0.005074734157986111,0.0,0.0,0,0
ilpiccolo.gelocal.it,it,20,0.005073928833007812,0.0,0.0,0,0
www.lavoz.com.ar,es,134,0.005068757640781687,0.0,0.007462686567164179,0,1
www.kommersant.ru,ru,52,0.005039288447453425,0.0,0.0,0,0
www.ukiahdailyjournal.com,en,25,0.005035934448242188,0.0,0.0,0,0
sportowefakty.wp.pl,pl,94,0.00502499113691614,0.0,0.0,0,0
www.lefigaro.fr,fr,85,0.004987144470214843,0.0,0.0,0,0
www.sentinelandenterprise.com,en,55,0.004979532415216619,0.0,0.0,0,0
www.elsoldecuernavaca.com.mx,es,25,0.00497894287109375,0.0,0.0,0,0
www.cope.es,es,48,0.004969775676727295,0.0,0.0,0,0
www.dan.co.me,hr,34,0.004961630877326517,0.0,0.0,0,0
www.hellomagazine.com,en,28,0.004945720945085798,0.0,0.0,0,0
www.eldinamo.cl,es,20,0.004937505722045899,0.0,0.0,0,0
www.espn.com,en,28,0.004930428096226284,0.0,0.0,0,0
www.elheraldodechihuahua.com.mx,es,66,0.004878101926861387,0.0,0.0,0,0
www.eldebate.com,es,35,0.00486313956124442,0.0,0.0,0,0
elnuevodiario.com.do,es,161,0.004843652618597753,0.0,0.0,0,0
laopinion.com,es,54,0.004840268029106988,0.0,0.0,0,0
nptelegraph.com,en,21,0.0048264094761439735,0.0,0.0,0,0
www.digisport.ro,ro,63,0.004825470939515129,0.0,0.0,0,0
www.lavozdegalicia.es,es,71,0.00481049443634463,0.0,0.0,0,0
www.fortmorgantimes.com,en,25,0.004808921813964844,0.0,0.0,0,0
www.geo.tv,en,35,0.004804665701729911,0.0,0.0,0,0
www.tuttojuve.com,it,72,0.004800531599256728,0.0,0.0,0,0
www.santacruzsentinel.com,en,42,0.004790374210902623,0.0,0.0,0,0
variety.com,en,39,0.0047745826916816905,0.0,0.0,0,0
www.vernonmorningstar.com,en,27,0.004764274314597801,0.0,0.0,0,0
www.elsoldemazatlan.com.mx,es,37,0.004761489661964211,0.0,0.0,0,0
siol.net,sl,35,0.0047490256173270086,0.0,0.0,0,0
www.futebolinterior.com.br,pt,68,0.004734109429752126,0.0,0.0,0,0
www.trentonian.com,en,37,0.00471164084769584,0.0,0.0,0,0
www.saratogian.com,en,39,0.004706920721592047,0.0,0.0,0,0
www.ok.co.uk,en,29,0.004700233196390086,0.0,0.0,0,0
www.abbynews.com,en,21,0.0046997978573753724,0.0,0.0,0,0
lethbridgenewsnow.com,en,27,0.004695044623480903,0.0,0.0,0,0
www.macombdaily.com,en,37,0.004671328776591533,0.0,0.0,0,0
www.lapresse.ca,fr,31,0.004666451484926285,0.0,0.0,0,0
sportske.net,sr,35,0.004639053344726562,0.0,0.0,0,0
www.perfil.com,es,55,0.004622719504616477,0.0,0.0,0,0
www.gazetaesportiva.com,pt,54,0.004621894271285446,0.0,0.0,0,0
www.campbellrivermirror.com,en,20,0.004610395431518555,0.0,0.0,0,0
www.yardbarker.com,en,325,0.004594826331505409,0.0,0.0,0,0
www.troyrecord.com,en,39,0.004581720401079227,0.0,0.0,0,0
www.hotnewhiphop.com,en,32,0.0045799314975738525,0.0,0.0,0,0
www.tvazteca.com,es,30,0.004569117228190104,0.0,0.0,0,0
www.diariodexalapa.com.mx,es,23,0.004568058511485224,0.0,0.0,0,0
isport.blesk.cz,cs,23,0.004540153171705163,0.0,0.0,0,0
www.elsoldesinaloa.com.mx,es,33,0.00453830487800367,0.0,0.0,0,0
www.reforma.com,es,31,0.0045298914755544355,0.0,0.0,0,0
www.vijesti.me,hr,23,0.004527216372282609,0.0,0.0,0,0
www.okaz.com.sa,ar,22,0.004524837840687145,0.0,0.0,0,0
hnonline.sk,sk,28,0.0045201778411865234,0.0,0.0,0,0
diariocorreo.pe,es,28,0.004511083875383649,0.0,0.0,0,0
thesportsrush.com,en,28,0.004480566297258649,0.0,0.0,0,0
www.metro.pr,es,45,0.004472584194607205,0.0,0.0,0,0
www.kelownacapnews.com,en,22,0.004461028359153054,0.0,0.0,0,0
www.comingsoon.net,en,37,0.004458865603885135,0.0,0.0,0,0
www.latercera.com,es,77,0.00445235859264027,0.0,0.0,0,0
www.yucatan.com.mx,es,26,0.0044378133920522835,0.0,0.0,0,0
www.elsoldehidalgo.com.mx,es,21,0.004436810811360677,0.0,0.0,0,0
www.castanet.net,en,38,0.004426404049521999,0.0,0.0,0,0
www.elheraldodejuarez.com.mx,es,35,0.00442047119140625,0.0,0.0,0,0
www.midilibre.fr,fr,24,0.004411737124125163,0.0,0.0,0,0
www.terra.com.br,pt,145,0.0043804497554384425,0.0,0.0,0,0
ga.de,de,22,0.0043638402765447445,0.0,0.0,0,0
www.pb.pl,pl,59,0.0043629630137298064,0.0,0.0,0,0
www.elsoldedurango.com.mx,es,40,0.004333019256591797,0.0,0.0,0,0
es.ara.cat,es,30,0.004262097676595052,0.0,0.0,0,0
www.elsoldecordoba.com.mx,es,20,0.004233694076538086,0.0,0.0,0,0
www.elsoldeirapuato.com.mx,es,21,0.004228909810384114,0.0,0.0,0,0
www.eloccidental.com.mx,es,30,0.004226652781168619,0.0,0.0,0,0
proceso.hn,es,46,0.004211695297904636,0.0,0.0,0,0
lacalle.com.ve,es,27,0.0041648370248300055,0.0,0.0,0,0
www.morningjournal.com,en,26,0.004162384913517878,0.0,0.0,0,0
lineadirectaportal.com,es,100,0.004152622222900391,0.0,0.0,0,0
www.elsoldetampico.com.mx,es,21,0.004145985557919457,0.0,0.0,0,0
www.latribune.ca,fr,28,0.004125288554600307,0.0,0.0,0,0
www.sport-express.ru,ru,98,0.004116982829814054,0.0,0.0,0,0
www.antena3.com,es,47,0.0041143133285197805,0.0,0.0,0,0
www.francetvinfo.fr,fr,35,0.0041043417794363836,0.0,0.0,0,0
www.ladepeche.fr,fr,32,0.0040929317474365234,0.0,0.0,0,0
www.btolat.com,ar,46,0.004086515177851138,0.0,0.0,0,0
www.24-horas.mx,es,39,0.004079011770395132,0.0,0.0,0,0
istoe.com.br,pt,111,0.004076270369796065,0.0,0.0,0,0
www.la-prensa.com.mx,es,39,0.0040620168050130205,0.0,0.0,0,0
www.promiflash.de,de,67,0.004053856009867654,0.0,0.0,0,0
www.rtvslo.si,sl,28,0.004051038197108677,0.0,0.0,0,0
kenoshanews.com,en,21,0.004014650980631511,0.0,0.0,0,0
www.onzemondial.com,fr,31,0.00400011001094695,0.0,0.0,0,0
www.hola.com,es,30,0.00398712158203125,0.0,0.0,0,0
sport.interia.pl,pl,37,0.0039850698935019,0.0,0.0,0,0
www.sport.pl,pl,29,0.003972481037008351,0.0,0.0,0,0
horacero.com.mx,es,28,0.0039364950997488836,0.0,0.0,0,0
www.lostiempos.com,es,21,0.003911381676083519,0.0,0.0,0,0
www.mk-orel.ru,ru,22,0.0038999210704456677,0.0,0.0,0,0
www.interfax.ru,ru,23,0.0038962156876273775,0.0,0.0,0,0
www.di.se,sv,23,0.0038779300192128057,0.0,0.0,0,0
www.marca.com,es,68,0.0038622828090892117,0.0,0.0,0,0
sportske.jutarnji.hr,hr,21,0.0038398106892903647,0.0,0.0,0,0
www.sports.ru,ru,25,0.003835906982421875,0.0,0.0,0,0
www.launion.com.mx,es,31,0.003834170679892263,0.0,0.0,0,0
www.elsoldeleon.com.mx,es,21,0.0038318179902576263,0.0,0.0,0,0
www.vecernji.ba,hr,30,0.003827476501464844,0.0,0.0,0,0
www.tuttomercatoweb.com,it,153,0.003819191377926496,0.0,0.0,0,0
www.portafolio.co,es,21,0.0038091568719773065,0.0,0.0,0,0
www.teraz.sk,sk,24,0.0038080215454101562,0.0,0.0,0,0
www.correiodopovo.com.br,pt,35,0.003804588317871094,0.0,0.0,0,0
www.ledroit.com,fr,28,0.0037948404039655414,0.0,0.0,0,0
mkala.mk.ru,ru,39,0.0037842775002504005,0.0,0.0,0,0
www.elsoldesanluis.com.mx,es,37,0.003756445807379645,0.0,0.0,0,0
www.juventusnews24.com,it,45,0.003744951883951823,0.0,0.0,0,0
www.mural.com.mx,es,48,0.0037389794985453286,0.0,0.0,0,0
www.lavanguardia.com,es,36,0.0037344031863742405,0.0,0.0,0,0
www.heraldo.es,es,67,0.0037284964945778916,0.0,0.0,0,0
www.ennaharonline.com,ar,30,0.003713099161783854,0.0,0.0,0,0
www.tunisienumerique.com,fr,30,0.00370330810546875,0.0,0.0,0,0
news.republika.co.id,id,25,0.0036593246459960937,0.0,0.0,0,0
www.lanacion.com.ar,es,209,0.0036496477263966245,0.0,0.0,0,0
www.lavozdelafrontera.com.mx,es,26,0.0036164063673753003,0.0,0.0,0,0
www.elheraldodetabasco.com.mx,es,23,0.0036101548568062162,0.0,0.0,0,0
www.masslive.com,en,37,0.0035927746746991134,0.0,0.0,0,0
elperiodiquito.com,es,29,0.003574700191103179,0.0,0.0,0,0
www.varzesh3.com,fa,76,0.0035615971213892885,0.0,0.0,0,0
www.zappit.gr,el,22,0.0035294619473544035,0.0,0.0,0,0
santamariatimes.com,es,55,0.0035170468417080967,0.0,0.0,0,0
www.programme-tv.net,fr,44,0.003516630692915483,0.0,0.0,0,0
expansion.mx,es,28,0.0034915038517543246,0.0,0.0,0,0
www.elrancaguino.cl,es,28,0.00348700795854841,0.0,0.0,0,0
andina.pe,es,61,0.0034740322926005377,0.0,0.0,0,0
hoydiariodelmagdalena.com.co,es,45,0.003442594740125868,0.0,0.0,0,0
laverdad.com,es,20,0.003426361083984375,0.0,0.0,0,0
bringatrailer.com,en,20,0.0033820152282714845,0.0,0.0,0,0
diariodelcauca.com.co,es,23,0.003380982772163723,0.0,0.0,0,0
okdiario.com,es,56,0.0033758197511945453,0.0,0.0,0,0
www.ceskenoviny.cz,cs,23,0.003370616746985394,0.0,0.0,0,0
www.eleconomista.es,es,22,0.0033191767605868254,0.0,0.0,0,0
www.capjournal.com,en,67,0.0033190997678842118,0.0,0.0,0,0
www.givemesport.com,en,47,0.003305638090093085,0.0,0.0,0,0
www.sport.de,de,24,0.003303050994873047,0.0,0.0,0,0
www.ole.com.ar,es,45,0.0032988866170247395,0.0,0.0,0,0
www.minutouno.com,es,26,0.0032871319697453426,0.0,0.0,0,0
www.diariodeleon.es,es,27,0.003272162543402778,0.0,0.0,0,0
football.ua,uk,28,0.003270489828927176,0.0,0.0,0,0
realites.com.tn,fr,23,0.0032657125721807065,0.0,0.0,0,0
www.cnnchile.com,es,45,0.003261311848958333,0.0,0.0,0,0
www.mdzol.com,es,40,0.0032436132431030275,0.0,0.0,0,0
www.lesaffaires.com,fr,23,0.0032368950221849523,0.0,0.0,0,0
www.zocalo.com.mx,es,69,0.0032326103984445767,0.0,0.0,0,0
www.larepublica.co,es,37,0.003220094216836465,0.0,0.0,0,0
theobjective.com,es,37,0.0031772046475797085,0.0,0.0,0,0
www.rosbalt.ru,ru,21,0.0031750996907552085,0.0,0.0,0,0
lahora.cl,es,40,0.003157687187194824,0.0,0.0,0,0
bleacherreport.com,en,34,0.003155960756189683,0.0,0.0,0,0
www.lesoleil.com,fr,35,0.0031543731689453124,0.0,0.0,0,0
www.elsiglodetorreon.com.mx,es,21,0.0031522569202241443,0.0,0.0,0,0
ar.tunisienumerique.com,ar,33,0.0031457380814985795,0.0,0.0,0,0
arriyadiyah.com,ar,45,0.0031319936116536457,0.0,0.0,0,0
www.noroeste.com.mx,es,22,0.003125450827858665,0.0,0.0,0,0
www.digitalmex.mx,es,21,0.003112429664248512,0.0,0.0,0,0
eltiempove.com,es,22,0.0030979243191805754,0.0,0.0,0,0
shiftdelete.net,tr,23,0.0030955024387525477,0.0,0.0,0,0
www.engadget.com,en,20,0.003078651428222656,0.0,0.0,0,0
www.reporteindigo.com,es,29,0.0030711272667194233,0.0,0.0,0,0
www.elprogreso.es,es,33,0.0030705134073893228,0.0,0.0,0,0
rmcsport.bfmtv.com,fr,31,0.003070154497700353,0.0,0.0,0,0
www.diariodequeretaro.com.mx,es,20,0.003064393997192383,0.0,0.0,0,0
www.pianetamilan.it,it,42,0.0029841831752232145,0.0,0.0,0,0
elheraldodesaltillo.mx,es,26,0.0029508150540865385,0.0,0.0,0,0
www.eldiario.ec,es,22,0.002943862568248402,0.0,0.0,0,0
www.capitalmexico.com.mx,es,31,0.002929564445249496,0.0,0.0,0,0
www.purepeople.com,fr,29,0.0028679288666823813,0.0,0.0,0,0
www.rionegro.com.ar,es,89,0.002865930621543627,0.0,0.0,0,0
www.clm24.es,es,38,0.002822599912944593,0.0,0.0,0,0
www.diariodenavarra.es,es,20,0.002799797058105469,0.0,0.0,0,0
www.elterritorio.com.ar,es,30,0.0027756373087565104,0.0,0.0,0,0
eldiariony.com,es,45,0.0027176539103190103,0.0,0.0,0,0
www.areanapoli.it,it,58,0.002677111790097993,0.0,0.0,0,0
le10sport.com,fr,49,0.0024625427868901466,0.0,0.0,0,0
www.021.rs,sr,29,0.0024128289058290677,0.0,0.0,0,0
forbes.com.mx,es,20,0.0023913860321044924,0.0,0.0,0,0
sinmordaza.com,es,21,0.0023512159075055805,0.0,0.0,0,0
